Row,2-Oxocarboxylic acid metabolism,ABA precursors,ADN salvage,"Alanine, aspartate and glutamate metabolism",Aminoacyl-tRNA biosynthesis,Aminobenzoate degradation,Anthocyanin biosynthesis,Arginine and proline metabolism,Ascorbate and aldarate metabolism,Benzoate degradation,Betalain biosynthesis,Biosynthesis of unsaturated fatty acids,Biosynthesis of various nucleotide sugars,Biotin metabolism,Butanoate metabolism,C5-Branched dibasic acid metabolism,"CDP-diacylglycerol synthesis, chloroplast",Calvin-Benson cycle,Carotenoid biosynthesis,Carotenoid metabolism,Chloroalkane and chloroalkene degradation,Chlorocyclohexane and chlorobenzene degradation,Cyanoamino acid metabolism,Cysteine and methionine metabolism,Degradation of aromatic compounds,Dioxin degradation,Diterpenoid biosynthesis,Fatty acid metabolism,Flavonoid biosynthesis,Fructose and mannose metabolism,Galactose metabolism,Glucosinolate biosynthesis,Glutathione metabolism,"Glycine, serine and threonine metabolism",Glycolysis / Gluconeogenesis,Glyoxylate and dicarboxylate metabolism,Histidine metabolism,IMP synthesis,Indole alkaloid biosynthesis,Inositol phosphate metabolism,Isoflavonoid biosynthesis,Isoquinoline alkaloid biosynthesis,Lightreactions,Limonene degradation,Linoleic acid metabolism,Lipopolysaccharide biosynthesis,Lysine biosynthesis,Lysine degradation,"MetaCyc:1,4-dihydroxy-2-naphthoate biosynthesis II (plants)",MetaCyc:1D-myo-inositol hexakisphosphate biosynthesis III (Spir,"MetaCyc:2-carboxy-1,4-naphthoquinol biosynthesis","MetaCyc:3,8-divinyl-chlorophyllide a biosynthesis I (aerobic, l",MetaCyc:3-(4-hydroxyphenyl)pyruvate biosynthesis,MetaCyc:3-dehydroquinate biosynthesis I,MetaCyc:4-amino-2-methyl-5-diphosphomethylpyrimidine biosynthes,MetaCyc:4-aminobenzoate biosynthesis I,MetaCyc:4-aminobutanoate degradation I,MetaCyc:4-aminobutanoate degradation IV,MetaCyc:5-aminoimidazole ribonucleotide biosynthesis I,MetaCyc:5-deoxystrigol biosynthesis,MetaCyc:6-hydroxymethyl-dihydropterin diphosphate biosynthesis ,MetaCyc:CMP phosphorylation,MetaCyc:CO2 fixation into oxaloacetate (anaplerotic),MetaCyc:Calvin-Benson-Bassham cycle,MetaCyc:D-galactose degradation I (Leloir pathway),MetaCyc:D-galactose detoxification,MetaCyc:D-mannose degradation I,"MetaCyc:D-myo-inositol (1,4,5)-trisphosphate degradation",MetaCyc:D-serine degradation,MetaCyc:D-sorbitol degradation I,MetaCyc:GDP-L-fucose biosynthesis I (from GDP-D-mannose),MetaCyc:GDP-L-fucose biosynthesis II (from L-fucose),MetaCyc:GDP-alpha-D-glucose biosynthesis,MetaCyc:GDP-mannose biosynthesis,MetaCyc:Inorganic Nitrogen Assimilation,MetaCyc:L-Ndelta-acetylornithine biosynthesis,MetaCyc:L-alanine biosynthesis II,MetaCyc:L-alanine degradation II (to D-lactate),MetaCyc:L-alanine degradation III,MetaCyc:L-arginine biosynthesis I (via L-ornithine),MetaCyc:L-arginine biosynthesis II (acetyl cycle),MetaCyc:L-arginine degradation I (arginase pathway),MetaCyc:L-arginine degradation VI (arginase 2 pathway),MetaCyc:L-arginine degradation X (arginine monooxygenase pathwa,"MetaCyc:L-ascorbate biosynthesis I (plants, L-galactose pathway",MetaCyc:L-asparagine biosynthesis I,MetaCyc:L-asparagine degradation I,MetaCyc:L-aspartate biosynthesis,MetaCyc:L-aspartate degradation I,MetaCyc:L-citrulline biosynthesis,MetaCyc:L-citrulline degradation,MetaCyc:L-cysteine biosynthesis I,MetaCyc:L-glutamate biosynthesis IV,MetaCyc:L-glutamate biosynthesis V,MetaCyc:L-glutamate degradation I,MetaCyc:L-glutamate degradation IV,MetaCyc:L-glutamine biosynthesis I,MetaCyc:L-glutamine degradation I,MetaCyc:L-histidine biosynthesis,MetaCyc:L-homoserine biosynthesis,MetaCyc:L-isoleucine biosynthesis I (from threonine),MetaCyc:L-isoleucine degradation I,MetaCyc:L-leucine biosynthesis,MetaCyc:L-leucine degradation I,MetaCyc:L-lysine biosynthesis VI,MetaCyc:L-lysine degradation I,MetaCyc:L-methionine biosynthesis II,MetaCyc:L-methionine degradation I (to L-homocysteine),MetaCyc:L-ornithine biosynthesis I,MetaCyc:L-ornithine biosynthesis II,MetaCyc:L-phenylalanine biosynthesis II,"MetaCyc:L-phenylalanine biosynthesis III (cytosolic, plants)",MetaCyc:L-phenylalanine degradation III,MetaCyc:L-proline biosynthesis I (from L-glutamate),MetaCyc:L-proline biosynthesis III (from L-ornithine),MetaCyc:L-proline degradation I,MetaCyc:L-serine biosynthesis I,MetaCyc:L-serine biosynthesis II,MetaCyc:L-threonine biosynthesis,MetaCyc:L-tryptophan biosynthesis,MetaCyc:L-tryptophan degradation VI (via tryptamine),MetaCyc:L-tyrosine biosynthesis II,MetaCyc:L-tyrosine degradation I,MetaCyc:L-valine biosynthesis,MetaCyc:L-valine degradation I,MetaCyc:NAD de novo biosynthesis I,MetaCyc:NAD salvage (plants),MetaCyc:NAD salvage pathway V (PNC V cycle),MetaCyc:NAD(P)/NADPH interconversion,MetaCyc:NADH repair (eukaryotes),MetaCyc:NADP biosynthesis,MetaCyc:NADPH repair (eukaryotes),MetaCyc:Rubisco shunt,MetaCyc:S-adenosyl-L-methionine biosynthesis,MetaCyc:S-adenosyl-L-methionine salvage II,MetaCyc:S-methyl-5'-thioadenosine degradation I,MetaCyc:S-methyl-5-thio-alpha-D-ribose 1-phosphate degradation ,MetaCyc:TCA cycle II (plants and fungi),MetaCyc:TCA cycle variation V (plant),MetaCyc:UDP-N-acetyl-D-glucosamine biosynthesis II,MetaCyc:UDP-alpha-D-galactose biosynthesis,MetaCyc:UDP-alpha-D-galacturonate biosynthesis I (from UDP-D-gl,MetaCyc:UDP-alpha-D-galacturonate biosynthesis II (from D-galac,MetaCyc:UDP-alpha-D-glucose biosynthesis,MetaCyc:UDP-alpha-D-glucuronate biosynthesis (from UDP-glucose),MetaCyc:UDP-alpha-D-glucuronate biosynthesis (from myo-inositol,MetaCyc:UDP-alpha-D-xylose biosynthesis,MetaCyc:UDP-beta-L-arabinose biosynthesis I (from UDP-alpha-D-x,MetaCyc:UDP-beta-L-rhamnose biosynthesis,MetaCyc:UMP biosynthesis I,MetaCyc:UTP and CTP de novo biosynthesis,MetaCyc:UTP and CTP dephosphorylation I,MetaCyc:VTC2 cycle,MetaCyc:abscisic acid biosynthesis,MetaCyc:acetaldehyde biosynthesis I,MetaCyc:acetyl-CoA biosynthesis from citrate,MetaCyc:adenine and adenosine salvage II,MetaCyc:adenine and adenosine salvage VI,MetaCyc:adenosine deoxyribonucleotides de novo biosynthesis I,MetaCyc:adenosine nucleotides degradation I,MetaCyc:adenosine ribonucleotides de novo biosynthesis,MetaCyc:allantoin degradation to glyoxylate II,MetaCyc:allantoin degradation to ureidoglycolate I (urea produc,MetaCyc:allantoin degradation to ureidoglycolate II (ammonia pr,MetaCyc:alpha-carotene biosynthesis,MetaCyc:alpha-linolenate metabolites biosynthesis,MetaCyc:ammonia assimilation cycle I,MetaCyc:ammonia assimilation cycle II,MetaCyc:anthocyanidin modification (Arabidopsis),MetaCyc:ascorbate glutathione cycle,MetaCyc:assimilatory sulfate reduction II,MetaCyc:assimilatory sulfate reduction IV,"MetaCyc:avenacin biosynthesis, initial reactions",MetaCyc:avenanthramide biosynthesis,"MetaCyc:benzoate biosynthesis II (CoA-independent, non-beta-oxi",MetaCyc:beta-alanine biosynthesis II,MetaCyc:beta-carotene biosynthesis,MetaCyc:biotin biosynthesis from 8-amino-7-oxononanoate I,MetaCyc:carotenoid cleavage,MetaCyc:chlorogenic acid biosynthesis I,MetaCyc:chlorogenic acid biosynthesis II,MetaCyc:chorismate biosynthesis from 3-dehydroquinate,MetaCyc:cinnamate esters biosynthesis,MetaCyc:cinnamoyl-CoA biosynthesis,MetaCyc:coenzyme A biosynthesis II (eukaryotic),MetaCyc:coniferin metabolism,MetaCyc:coumarin biosynthesis (via 2-coumarate),MetaCyc:cutin biosynthesis,MetaCyc:cyanate degradation,MetaCyc:cyanide degradation,MetaCyc:cyanide detoxification I,MetaCyc:cycloartenol biosynthesis,MetaCyc:cytokinin-O-glucosides biosynthesis,MetaCyc:dTDP-beta-L-rhamnose biosynthesis,MetaCyc:detoxification of reactive carbonyls in chloroplasts,MetaCyc:ent-kaurene biosynthesis I,MetaCyc:ethanol degradation II,MetaCyc:ethene biosynthesis I (plants),MetaCyc:eumelanin biosynthesis,MetaCyc:flavin biosynthesis I (bacteria and plants),MetaCyc:flavonoid biosynthesis (in equisetum),"MetaCyc:fructose 2,6-bisphosphate biosynthesis",MetaCyc:gallate biosynthesis,MetaCyc:gamma-glutamyl cycle,MetaCyc:gamma-glutamyl cycle (plant pathway),MetaCyc:geranyl diphosphate biosynthesis,MetaCyc:geranylgeranyl diphosphate biosynthesis,MetaCyc:gluconeogenesis I,MetaCyc:glucose and glucose-1-phosphate degradation,MetaCyc:glutamate-glutamine shuttle,MetaCyc:glutathione biosynthesis,MetaCyc:glutathione degradation,MetaCyc:glutathione-peroxide redox reactions,MetaCyc:glycerol degradation I,MetaCyc:glycerol-3-phosphate shuttle,MetaCyc:glycine betaine biosynthesis III (plants),MetaCyc:glycine biosynthesis,MetaCyc:glycine degradation,MetaCyc:glycolysis I (from glucose 6-phosphate),MetaCyc:glycolysis II (from fructose 6-phosphate),MetaCyc:glycolysis IV,MetaCyc:glyoxylate cycle,MetaCyc:guanine and guanosine salvage III,MetaCyc:guanosine deoxyribonucleotides de novo biosynthesis I,MetaCyc:guanosine nucleotides degradation I,MetaCyc:guanosine nucleotides degradation II,MetaCyc:guanosine ribonucleotides de novo biosynthesis,MetaCyc:heme a biosynthesis,MetaCyc:heme b biosynthesis I (aerobic),MetaCyc:heptaprenyl diphosphate biosynthesis,MetaCyc:hexaprenyl diphosphate biosynthesis,MetaCyc:homocysteine and cysteine interconversion,MetaCyc:hydroxymethylpyrimidine salvage,MetaCyc:indole-3-acetate biosynthesis II,MetaCyc:inosine-5'-phosphate biosynthesis II,MetaCyc:jasmonic acid biosynthesis,MetaCyc:ketogenesis,MetaCyc:linoleate metabolites biosynthesis,MetaCyc:lutein biosynthesis,MetaCyc:lysine degradation II,MetaCyc:lysine degradation III,MetaCyc:malate-oxaloacetate shuttle I,MetaCyc:malate-oxaloacetate shuttle II,MetaCyc:mannitol biosynthesis,MetaCyc:mannitol degradation II,MetaCyc:methylerythritol phosphate pathway I,MetaCyc:methylerythritol phosphate pathway II,MetaCyc:methylglyoxal degradation I,MetaCyc:methylglyoxal degradation III,MetaCyc:methylglyoxal degradation VIII,MetaCyc:mevalonate pathway I (eukaryotes and bacteria),MetaCyc:monoterpene biosynthesis,MetaCyc:myo-inositol biosynthesis,MetaCyc:neoxanthin biosynthesis,MetaCyc:nitrate reduction II (assimilatory),MetaCyc:nitric oxide biosynthesis I (plants),MetaCyc:nitrogen remobilization from senescing leaves,MetaCyc:nonaprenyl diphosphate biosynthesis I,MetaCyc:nonaprenyl diphosphate biosynthesis II,MetaCyc:octaprenyl diphosphate biosynthesis,MetaCyc:ornithine-citrulline shuttle,MetaCyc:palmitate biosynthesis II (type II fatty acid synthase),MetaCyc:palmitate biosynthesis III,MetaCyc:pentose phosphate pathway (non-oxidative branch) I,MetaCyc:pentose phosphate pathway (oxidative branch) I,MetaCyc:phosphatidylethanolamine biosynthesis II,MetaCyc:phosphopantothenate biosynthesis I,MetaCyc:photorespiration I,MetaCyc:photorespiration III,MetaCyc:photosynthesis light reactions I (plastocyanin),MetaCyc:phylloquinol biosynthesis,MetaCyc:phytate degradation I,MetaCyc:phytochromobilin biosynthesis,MetaCyc:phytosterol biosynthesis (plants),MetaCyc:phytyl diphosphate biosynthesis,MetaCyc:plant sterol biosynthesis II,MetaCyc:plastoquinol-9 biosynthesis I,MetaCyc:plaunotol biosynthesis,MetaCyc:polyisoprenoid biosynthesis,MetaCyc:pseudouridine degradation,MetaCyc:purine deoxyribonucleosides salvage,MetaCyc:putrescine biosynthesis I,MetaCyc:putrescine biosynthesis II,MetaCyc:putrescine biosynthesis III,MetaCyc:putrescine degradation IV,MetaCyc:pyridoxal 5'-phosphate salvage I,MetaCyc:pyridoxal 5'-phosphate salvage II (plants),MetaCyc:pyrimidine deoxyribonucleosides salvage,MetaCyc:pyrimidine deoxyribonucleotide phosphorylation,MetaCyc:pyrimidine deoxyribonucleotides de novo biosynthesis I,MetaCyc:pyrimidine deoxyribonucleotides de novo biosynthesis II,MetaCyc:pyrimidine deoxyribonucleotides dephosphorylation,MetaCyc:pyrimidine nucleobases salvage I,MetaCyc:pyrimidine ribonucleosides salvage I,MetaCyc:pyrimidine ribonucleosides salvage II,MetaCyc:pyrimidine ribonucleotides interconversion,MetaCyc:pyrimidine salvage pathway,MetaCyc:pyruvate fermentation to (S)-lactate,MetaCyc:pyruvate fermentation to ethanol II,MetaCyc:reactive oxygen species degradation,MetaCyc:rubber biosynthesis,MetaCyc:salicylate biosynthesis I,MetaCyc:salicylate biosynthesis II,MetaCyc:salidroside biosynthesis,MetaCyc:selenate reduction,MetaCyc:seleno-amino acid biosynthesis (plants),MetaCyc:serotonin and melatonin biosynthesis II,MetaCyc:simple coumarins biosynthesis,MetaCyc:siroheme biosynthesis,MetaCyc:sphingolipid biosynthesis (plants),MetaCyc:sporopollenin precursors biosynthesis,MetaCyc:stachyose degradation,MetaCyc:starch biosynthesis,MetaCyc:suberin monomers biosynthesis,MetaCyc:sucrose biosynthesis I (from photosynthesis),MetaCyc:sucrose biosynthesis II,MetaCyc:sucrose degradation II (sucrose synthase),MetaCyc:sucrose degradation III (sucrose invertase),MetaCyc:sulfate activation for sulfonation,MetaCyc:sulfite oxidation IV (sulfite oxidase),MetaCyc:sulfoquinovosyl diacylglycerol biosynthesis,MetaCyc:superoxide radicals degradation,MetaCyc:tetrahydrofolate biosynthesis I,MetaCyc:tetrahydrofolate biosynthesis II,MetaCyc:tetrapyrrole biosynthesis I (from glutamate),MetaCyc:thiamine diphosphate biosynthesis IV (eukaryotes),"MetaCyc:trans, trans-farnesyl diphosphate biosynthesis",MetaCyc:trans-lycopene biosynthesis II (oxygenic phototrophs an,MetaCyc:trans-zeatin biosynthesis,MetaCyc:traumatin and (Z)-3-hexen-1-yl acetate biosynthesis,MetaCyc:trehalose biosynthesis I,MetaCyc:ubiquinol-9 biosynthesis (late decarboxylation),MetaCyc:uracil degradation I (reductive),MetaCyc:urea cycle,MetaCyc:urea degradation II,"MetaCyc:violaxanthin, antheraxanthin and zeaxanthin interconver",MetaCyc:vitamin E biosynthesis (tocopherols),MetaCyc:vitamin E biosynthesis (tocotrienols),MetaCyc:zeaxanthin biosynthesis,Metabolism of xenobiotics by cytochrome P450,Monoterpenoid biosynthesis,NAD synthesis,NADP synthesis,Nicotinate and nicotinamide metabolism,Nitrogen metabolism,Nucleotide metabolism,Oxidative phosphate pentose cycle,PRPP synthesis,Pantothenate and CoA biosynthesis,Pentose and glucuronate interconversions,Pentose phosphate pathway,"Phenylalanine, tyrosine and tryptophan biosynthesis",Phenylpropanoid biosynthesis,Phosphonate and phosphinate metabolism,Phylloquinone biosynthesis,"Pinene, camphor and geraniol degradation",Plastoquinone biosynthesis,Polyketide sugar unit biosynthesis,Porphyrin metabolism,Propanoate metabolism,Purine metabolism,Pyrimidine metabolism,Pyruvate metabolism,Redox cofactors,Retinol metabolism,Riboflavin metabolism,SLIME pseudo reaction,Salicylic acid biosynthesis,Selenocompound metabolism,Sesquiterpenoid and triterpenoid biosynthesis,Shikimate Pathway,Sphingolipid metabolism,Starch and sucrose metabolism,Steroid biosynthesis,Steroid degradation,Steroid hormone biosynthesis,Strigol biosynthesis,Styrene degradation,Sulfur metabolism,THF biosynthesis,THF recycling,Thiamine metabolism,Tryptophan metabolism,Tyrosine metabolism,UDP-galactose synthesis,UMP synthesis,Ubiquinone and other terpenoid-quinone biosynthesis,"Valine, leucine and isoleucine biosynthesis","Valine, leucine and isoleucine degradation",Vitamin B6 metabolism,Water-water cycle,Xylene degradation,Zeatin biosynthesis,alpha-Linolenic acid metabolism,cytokinin biosynthesis,demand,"diacylglycerol synthesis, chloroplast",exchange,export,fatty acid synthesis,"galactolipid synthesis, eukaryotic pathway","galactolipid synthesis, prokaryotic pathway",glutamine synthesis,glycerolipid metabolism,glycerophospholipid metabolism,import,"lipid remodeling, cold stress","lipid remodeling, heat shock stress",lysine synthesis,"lysophosphatidic acid synthesis, chloroplast",nitrate assimilation,oxylipin metabolism,"phosphatidic acid synthesis, chloroplast","phosphatidylglycerol synthesis, chloroplast","phosphatidylglycerophosphate synthesis, chloroplast",photorespiration,porphyrin and chlorophyll metabolism,pseudo reaction,pyrophosphate recycling,pyruvate decarboxylation,starch degradation,starch synthesis,"sulfolipid synthesis, eukaryotic pathway","sulfolipid synthesis, prokaryotic pathway",sulfur assimilation,terpenoid backbone biosynthesis,"terpenoid backbone biosynthesis, MEP/DOXP pathway",transport
Are-1,1,1,1,1,1,1,1,1,1,0,1,0,1,1,1,1,1,1,0,1,0,1,1,1,1,0,1,1,1,1,1,1,1,1,1,1,1,1,0,1,0,0,1,0,0,1,1,0,1,1,1,1,1,1,1,1,1,1,1,1,1,1,1,1,1,1,1,1,0,1,1,1,1,1,1,1,0,1,0,1,1,1,1,1,0,1,1,1,1,1,1,1,1,1,1,1,1,1,1,1,1,1,1,1,1,0,1,1,1,1,1,1,1,1,1,1,1,1,1,1,0,1,1,1,1,1,1,1,1,0,1,0,1,0,1,1,1,1,1,1,1,1,1,1,1,1,1,1,1,1,1,0,1,1,0,0,0,0,1,1,1,1,1,1,1,1,1,1,1,1,1,1,0,0,0,1,1,1,0,0,0,1,1,0,1,1,0,0,1,1,1,0,0,1,1,1,0,0,0,1,0,1,1,1,1,1,1,1,1,1,1,1,1,1,1,1,1,1,1,1,1,1,1,1,0,0,1,1,1,0,0,1,0,1,1,1,1,0,1,1,1,1,1,1,1,1,1,1,1,1,1,0,1,1,1,1,1,0,0,1,1,0,0,1,1,1,1,1,1,1,1,1,1,0,1,0,1,1,1,1,1,0,0,0,0,1,1,1,1,1,1,1,1,1,1,1,1,1,0,1,1,1,1,1,1,1,1,0,1,1,0,1,1,0,1,1,1,1,1,0,1,1,1,1,1,0,1,1,1,1,1,0,1,1,1,1,1,1,1,1,1,1,1,1,1,1,1,1,1,1,1,1,1,1,1,1,1,1,1,1,1,1,1,1,0,1,1,1,1,1,1,1,1,1,0,1,1,1,1,1,1,1,1,1,1,1,1,1,1,1,1,0,0,1,1,0,1,1,1,1,1,1,1,1,1,1,1,1,1,1,1,1,1,1,1,1,1,1,1,1,1,1,1,1,1,1,1,1
Are-2,1,1,1,1,1,1,1,1,1,0,1,0,1,1,1,1,1,1,0,1,0,1,1,1,1,0,1,1,1,1,1,1,1,1,1,1,1,1,0,1,0,0,1,0,0,1,1,0,1,1,1,1,1,1,1,1,1,1,1,1,1,1,1,1,1,1,1,1,0,1,1,1,1,1,1,1,0,1,0,1,1,1,1,1,0,1,1,1,1,1,1,1,1,1,1,1,1,1,1,1,1,1,1,1,1,0,1,1,1,1,1,1,1,1,1,1,1,1,1,1,0,1,1,1,1,1,1,1,1,0,0,0,1,0,1,1,1,1,1,1,1,1,1,1,1,1,1,1,1,1,1,0,1,1,0,0,0,0,1,1,1,1,1,1,1,1,1,1,1,1,1,1,0,0,0,1,1,1,0,0,0,1,1,0,1,1,0,0,1,1,1,0,0,1,1,1,0,0,0,1,0,1,1,1,1,1,1,1,1,1,1,1,1,1,1,1,1,1,1,1,1,1,1,1,0,0,1,1,1,0,0,1,0,1,1,1,1,0,1,1,1,1,1,1,1,1,1,1,1,1,1,0,1,1,1,1,1,0,0,1,1,0,0,1,1,1,1,1,1,1,1,1,1,0,1,0,1,1,1,1,1,0,0,0,0,1,1,1,1,1,1,1,1,1,1,1,1,1,0,1,1,1,1,1,1,1,1,0,1,1,0,1,1,0,1,1,1,1,1,0,1,1,1,1,1,0,1,1,1,1,1,0,1,1,1,1,1,1,1,1,1,1,0,1,1,1,1,1,1,1,1,1,1,1,1,1,1,1,1,1,1,1,1,1,0,1,1,1,1,1,1,1,1,1,0,1,1,1,1,1,1,1,1,1,1,1,1,1,1,1,1,0,0,1,1,0,1,1,1,1,1,1,1,1,1,1,1,1,1,1,1,1,1,1,1,1,1,1,1,1,1,1,1,1,1,1,1,1
Are-6,1,1,1,1,1,1,1,1,1,0,1,0,1,1,1,1,1,1,0,1,0,1,1,1,1,0,1,1,1,1,1,1,1,1,1,1,1,1,0,1,0,0,1,0,0,1,1,0,1,1,1,1,1,1,1,1,1,1,1,1,1,1,1,1,1,1,1,1,0,1,1,1,1,1,1,1,0,1,0,1,1,1,1,1,0,1,1,1,1,1,1,1,1,1,1,1,1,1,1,1,1,1,1,1,1,0,1,1,1,1,1,1,1,1,1,1,1,1,1,1,0,1,1,1,1,1,1,1,1,0,1,0,1,0,1,1,1,1,1,1,1,1,1,1,1,1,1,1,1,1,1,0,1,1,0,0,0,0,1,1,1,1,1,1,1,1,1,1,1,1,1,1,0,0,0,1,1,1,0,0,0,1,1,0,1,1,0,0,1,1,1,0,0,1,1,1,0,0,0,1,0,1,1,1,1,1,1,1,1,1,1,1,1,1,1,1,1,1,1,1,1,1,1,1,0,0,1,1,1,0,0,1,0,1,1,1,1,0,1,1,1,1,1,1,1,1,1,1,1,1,1,0,1,1,1,1,1,0,0,1,1,0,0,1,1,1,1,1,1,1,1,1,1,0,1,0,1,1,1,1,1,0,0,0,0,1,1,1,1,1,1,1,1,1,1,1,1,1,0,1,1,1,1,1,1,1,1,0,1,1,0,1,1,0,1,1,1,1,1,0,1,1,1,1,1,0,1,1,1,1,1,0,1,1,1,1,1,1,1,1,1,1,1,1,1,1,1,1,1,1,1,1,1,1,1,1,1,1,1,1,1,1,1,1,0,1,1,1,1,1,1,1,1,1,0,1,1,1,1,1,1,1,1,1,1,1,1,1,1,1,1,0,0,1,1,0,1,1,1,1,1,1,1,1,1,1,1,1,1,1,1,1,1,1,1,1,1,1,1,1,1,1,1,1,1,1,1,1
Bay-0,1,1,1,1,1,1,1,1,1,0,1,0,1,1,1,1,1,1,0,1,0,1,1,1,1,0,1,1,1,1,1,1,1,1,1,1,1,1,0,1,0,0,1,0,0,1,1,0,1,1,1,1,1,1,1,1,1,1,1,1,1,1,1,1,1,1,1,1,0,1,1,1,1,1,1,1,0,1,0,1,1,1,1,1,0,1,1,1,1,1,1,1,1,1,1,1,1,1,1,1,1,1,1,1,1,0,1,1,1,1,1,1,1,1,1,1,1,1,1,1,0,1,1,1,1,1,1,1,1,0,1,0,1,0,1,1,1,1,1,1,1,1,1,1,1,1,1,1,1,1,1,0,1,1,0,0,0,0,1,1,1,1,1,1,1,1,1,1,1,1,1,1,0,0,0,1,1,1,0,0,0,1,1,0,1,1,0,0,1,1,1,0,0,1,1,1,0,0,0,1,0,1,1,1,1,1,1,1,1,1,1,1,1,1,1,1,1,1,1,1,1,1,1,1,0,0,1,1,1,0,0,1,0,1,1,1,1,0,1,1,1,1,1,1,1,1,1,1,1,1,1,0,1,1,1,1,1,0,0,1,1,0,0,1,1,1,1,1,1,1,1,1,1,0,1,0,1,1,1,1,1,0,0,0,0,1,1,1,1,1,1,1,1,1,1,1,1,1,0,1,1,1,1,1,1,1,1,0,1,1,0,1,1,0,1,1,1,1,1,0,1,1,1,1,1,0,1,1,1,1,1,0,1,1,1,1,1,1,1,1,1,1,1,1,1,1,1,1,1,1,1,1,1,1,1,1,1,1,1,1,1,1,1,1,0,1,1,1,1,1,1,1,1,1,0,1,1,1,1,1,0,1,1,1,1,1,1,1,1,1,1,0,0,1,1,0,1,1,1,1,1,1,1,1,1,1,1,1,1,1,1,1,1,1,1,1,1,1,1,1,1,1,1,1,1,1,1,1
Bla-1,1,1,1,1,1,1,1,1,1,0,1,0,1,1,1,1,1,1,0,1,0,1,1,1,1,0,1,1,1,1,1,1,1,1,1,1,1,1,0,1,0,0,1,0,0,1,1,0,1,1,1,1,1,1,1,1,1,1,1,1,1,1,1,1,1,1,1,1,0,1,1,1,1,1,1,1,0,1,0,1,1,1,1,1,0,1,1,1,1,1,1,1,1,1,1,1,1,1,1,1,1,1,1,1,1,0,1,1,1,1,1,1,1,1,1,1,1,1,1,1,0,1,1,1,1,1,1,1,1,0,1,0,1,0,1,1,1,1,1,1,1,1,1,1,1,1,1,1,1,1,1,0,1,1,0,0,0,0,1,1,1,1,1,1,1,1,1,1,1,1,1,1,0,0,0,1,1,1,0,0,0,1,1,0,1,1,0,0,1,1,1,0,0,1,1,1,0,0,0,1,0,1,1,1,1,1,1,1,1,1,1,1,1,1,1,1,1,1,1,1,1,1,1,1,0,0,1,1,1,0,0,1,0,1,1,1,1,0,1,1,1,1,1,1,1,1,1,1,1,1,1,0,1,1,1,1,1,0,0,1,1,0,0,1,1,1,1,1,1,1,1,1,1,0,1,0,1,1,1,1,1,0,0,0,0,1,1,1,1,1,1,1,1,1,1,1,1,1,0,1,1,1,1,1,1,1,1,0,1,1,0,1,1,0,1,1,1,1,1,0,1,1,1,1,1,0,1,1,1,1,1,0,1,1,1,1,1,1,1,1,1,1,1,1,1,1,1,1,1,1,1,1,1,1,1,1,1,1,1,1,1,1,1,1,0,1,1,1,1,1,1,1,1,1,0,1,1,1,1,1,1,1,1,1,1,1,1,1,1,1,1,0,0,1,1,0,1,1,1,1,1,1,1,1,1,1,1,1,1,1,1,1,1,1,1,1,1,1,1,1,1,1,1,1,1,1,1,1
Bur-0,1,1,1,1,1,1,1,1,1,0,1,0,1,1,1,1,1,1,0,1,0,1,1,1,1,0,1,1,1,1,1,1,1,1,1,1,1,1,0,1,0,0,1,0,0,1,1,0,1,1,1,1,1,1,1,1,1,1,1,1,1,1,1,1,1,1,1,1,0,1,1,1,1,1,1,1,0,1,0,1,1,1,1,1,0,1,1,1,1,1,1,1,1,1,1,1,1,1,1,1,1,1,1,1,1,0,1,1,1,1,1,1,1,1,1,1,1,1,1,1,0,1,1,1,1,1,1,1,1,0,1,0,1,0,1,1,1,1,1,1,1,1,1,1,1,1,1,1,1,1,1,0,1,1,0,0,0,0,1,1,1,1,1,1,1,1,1,1,1,1,1,1,0,0,0,1,1,1,0,0,0,1,1,0,1,1,0,0,1,1,1,0,0,1,1,1,0,0,0,1,0,1,1,1,1,1,1,1,1,1,1,1,1,1,1,1,1,1,1,1,1,1,1,1,0,0,1,1,1,0,0,1,0,1,1,1,1,0,1,1,1,1,1,1,1,1,1,1,1,1,1,0,1,1,1,1,1,0,0,1,1,0,0,1,1,1,1,1,1,1,1,1,1,0,1,0,1,1,1,1,1,0,0,0,0,1,1,1,1,1,1,1,1,1,1,1,1,1,0,1,1,1,1,1,1,1,1,0,1,1,0,1,1,0,1,1,1,1,1,0,1,1,1,1,1,0,1,1,1,1,1,0,1,1,1,1,1,1,1,1,1,1,1,1,1,1,1,1,1,1,1,1,1,1,1,1,1,1,1,1,1,1,1,1,0,1,1,1,1,1,1,1,1,1,0,1,1,1,1,1,1,1,1,1,1,1,1,1,1,1,1,0,0,1,1,0,1,1,1,1,1,1,1,1,1,1,1,1,1,1,1,1,1,1,1,1,1,1,1,1,1,1,1,1,1,1,1,1
Col-0,1,1,1,1,1,1,1,1,1,0,1,0,1,1,1,1,1,1,0,1,0,1,1,1,1,0,1,1,1,1,1,1,1,1,1,1,1,1,0,1,0,0,1,0,0,1,1,0,1,1,1,1,1,1,1,1,1,1,1,1,1,1,1,1,1,1,1,1,0,1,1,1,1,1,1,1,0,1,0,1,1,1,1,1,1,1,1,1,1,1,1,1,1,1,1,1,1,1,1,1,1,1,1,1,1,0,1,1,1,1,1,1,1,1,1,1,1,1,1,1,0,1,1,1,1,1,1,1,1,0,1,0,1,0,1,1,1,1,1,1,1,1,1,1,1,1,1,1,1,1,1,0,1,1,0,0,0,0,1,1,1,1,1,1,1,1,1,1,1,1,1,1,0,0,0,1,1,1,0,0,0,1,1,0,1,1,0,0,1,1,1,0,0,1,1,1,0,0,0,1,0,1,1,1,1,1,1,1,1,1,1,1,1,1,1,1,1,1,1,1,1,1,1,1,0,0,1,1,1,0,0,1,0,1,1,1,1,0,1,1,1,1,1,1,1,1,1,1,1,1,1,0,1,1,1,1,1,0,0,1,1,0,0,1,1,1,1,1,1,1,1,1,1,0,1,0,1,1,1,1,1,0,0,0,0,1,1,1,1,1,1,1,1,1,1,1,1,1,0,1,1,1,1,1,1,1,1,0,1,1,0,1,1,0,1,1,1,1,1,0,1,1,1,1,1,0,1,1,1,1,1,0,1,1,1,1,1,1,1,1,1,1,1,1,1,1,1,1,1,1,1,1,1,1,1,1,1,1,1,1,1,1,1,1,0,1,1,1,1,1,1,1,1,1,0,1,1,1,1,1,1,1,1,1,1,1,1,1,1,1,1,0,0,1,1,0,1,1,1,1,1,1,1,1,1,1,1,1,1,1,1,1,1,1,1,1,1,1,1,1,1,1,1,1,1,1,1,1
Ishikawa,1,1,1,1,1,1,1,1,1,0,1,0,1,1,1,1,1,1,0,1,0,1,1,1,1,0,1,1,1,1,1,1,1,1,1,1,1,1,0,1,0,0,1,0,0,1,1,0,1,1,1,1,1,1,1,1,1,1,1,1,1,1,1,1,1,1,1,1,0,1,1,1,1,1,1,1,0,1,0,1,1,1,1,1,0,1,1,1,1,1,1,1,1,1,1,1,1,1,1,1,1,1,1,1,1,0,1,1,1,1,1,1,1,1,1,1,1,1,1,1,0,1,1,1,1,1,1,1,1,0,1,0,1,0,1,1,1,1,1,1,1,1,1,1,1,1,1,1,1,1,1,0,1,1,0,0,0,0,1,1,1,1,1,1,1,1,1,1,1,1,1,1,0,0,0,1,1,1,0,0,0,1,1,0,1,1,0,0,1,1,1,0,0,1,1,1,0,0,0,1,0,1,1,1,1,1,1,1,1,1,1,1,1,1,1,1,1,1,1,1,1,1,1,1,0,0,1,1,1,0,0,1,0,1,1,1,1,0,1,1,1,1,1,1,1,1,1,1,1,1,1,0,1,1,1,1,1,0,0,1,1,0,0,1,1,1,1,1,1,1,1,1,1,0,1,0,1,1,1,1,1,0,0,0,0,1,1,1,1,1,1,1,1,1,1,1,1,1,0,1,1,1,1,1,1,1,1,0,1,1,0,1,1,0,1,1,1,1,1,0,1,1,1,1,1,0,1,1,1,1,1,0,1,1,1,1,1,1,1,1,1,1,1,1,1,1,1,1,1,1,1,1,1,1,1,1,1,1,1,1,1,1,1,1,0,1,1,1,1,1,1,1,1,1,0,1,1,1,1,1,1,1,1,1,1,1,1,1,1,1,1,0,0,1,1,0,1,1,1,1,1,1,1,1,1,1,1,1,1,1,1,1,1,1,1,1,1,1,1,1,1,1,1,1,1,1,1,1
Jea,1,1,1,1,1,1,1,1,1,0,1,0,1,1,1,1,1,1,0,1,0,1,1,1,1,0,1,1,1,1,1,1,1,1,1,1,1,1,0,1,0,0,1,0,0,1,1,0,1,1,1,1,1,1,1,1,1,1,1,1,1,1,1,1,1,1,1,1,0,1,1,1,1,1,1,1,0,1,0,1,1,1,1,1,0,1,1,1,1,1,1,1,1,1,1,1,1,1,1,1,1,1,1,1,1,0,1,1,1,1,1,1,1,1,1,1,1,1,1,1,0,1,1,1,1,1,1,1,1,0,1,0,1,0,1,1,1,1,1,1,1,1,1,1,1,1,1,1,1,1,1,0,1,1,0,0,0,0,1,1,1,1,1,1,1,1,1,1,1,1,1,1,0,0,0,1,1,1,0,0,0,1,1,0,1,1,0,0,1,1,1,0,0,1,1,1,0,0,0,1,0,1,1,1,1,1,1,1,1,1,1,1,1,1,1,1,1,1,1,1,1,1,1,1,0,0,1,1,1,0,0,1,0,1,1,1,1,0,1,1,1,1,1,1,1,1,1,1,1,1,1,0,1,1,1,1,1,0,0,1,1,0,0,1,1,1,1,1,1,1,1,1,1,0,1,0,1,1,1,1,1,0,0,0,0,1,1,1,1,1,1,1,1,1,1,1,1,1,0,1,1,1,1,1,1,1,1,0,1,1,0,1,1,0,1,1,1,1,1,0,1,1,1,1,1,0,1,1,1,1,1,0,1,1,1,1,1,1,1,1,1,1,1,1,1,1,1,1,1,1,1,1,1,1,1,1,1,1,1,1,1,1,1,1,0,1,1,1,1,1,1,1,1,1,0,1,1,1,1,1,0,1,1,1,1,1,1,1,1,1,1,0,0,1,1,0,1,1,1,1,1,1,1,1,1,1,1,1,1,1,1,1,1,1,1,1,1,1,1,1,1,1,1,1,1,1,1,1
Kyr-1,1,1,1,1,1,1,1,1,1,0,1,0,1,1,1,1,1,1,0,1,0,1,1,1,1,0,1,1,1,1,1,1,1,1,1,1,1,1,0,1,0,0,1,0,0,1,1,0,1,1,1,1,1,1,1,1,1,1,1,1,1,1,1,1,1,1,1,0,0,1,1,1,1,1,1,1,0,1,0,1,1,1,1,1,0,1,1,1,1,1,1,1,1,1,1,1,1,1,1,1,1,1,1,1,1,0,1,1,1,1,1,1,1,1,1,1,1,1,1,1,0,1,1,1,1,1,1,1,1,0,1,0,1,0,1,1,1,1,1,1,1,1,1,1,1,1,1,1,1,1,1,0,1,1,0,0,0,0,1,1,1,1,1,1,1,1,1,1,1,1,1,1,0,0,0,1,1,1,0,0,0,1,1,0,1,1,0,0,1,1,1,0,0,1,1,1,0,0,0,1,0,1,1,1,1,1,1,1,1,1,1,1,1,1,1,1,1,1,1,1,1,1,1,1,0,0,1,1,1,0,0,1,0,1,1,1,1,0,1,1,1,1,1,1,1,1,1,1,1,1,1,0,0,1,1,1,1,0,0,1,1,0,0,1,1,1,1,1,1,1,1,0,1,0,1,0,1,1,1,1,1,0,0,0,0,1,1,1,1,1,1,1,1,1,1,1,1,1,0,1,1,1,1,1,1,1,1,0,1,1,0,1,1,0,1,1,1,1,1,0,1,1,1,1,1,0,1,1,1,1,1,0,1,1,1,1,1,1,1,1,1,1,1,1,1,1,1,1,1,1,1,1,1,1,1,1,1,1,1,1,1,1,1,1,0,1,1,1,1,1,1,1,1,1,0,1,1,1,1,1,1,1,1,1,1,1,1,1,1,1,1,0,0,1,1,0,1,1,1,1,1,1,1,1,1,1,1,1,1,1,1,1,1,1,1,1,1,1,1,1,1,1,1,1,1,1,1,1
N13,1,1,1,1,1,1,1,1,1,0,1,0,1,1,1,1,1,1,0,1,0,1,1,1,1,0,1,1,1,1,1,1,1,1,1,1,1,1,0,1,0,0,1,0,0,1,1,0,1,1,1,1,1,1,1,1,1,1,1,1,1,1,1,1,1,1,1,1,0,1,1,1,1,1,1,1,0,1,0,1,1,1,1,1,0,1,1,1,1,1,1,1,1,1,1,1,1,1,1,1,1,1,1,1,1,0,1,1,1,1,1,1,1,1,1,1,1,1,1,1,0,1,1,1,1,1,1,1,1,0,1,0,1,0,1,1,1,1,1,1,1,1,1,1,1,1,1,1,1,1,1,0,1,1,0,0,0,0,1,1,1,1,1,1,1,1,1,1,1,1,1,1,0,0,0,1,1,1,0,0,0,1,1,0,1,1,0,0,1,1,1,0,0,1,1,1,0,0,0,1,0,1,1,1,1,1,1,1,1,1,1,1,1,1,1,1,1,1,1,1,1,1,1,1,0,0,1,1,1,0,0,1,0,1,1,1,1,0,1,1,1,1,1,1,1,1,1,1,1,1,1,0,1,1,1,1,1,0,0,1,1,0,0,1,1,1,1,1,1,1,1,1,1,0,1,0,1,1,1,1,1,0,0,0,0,1,1,1,1,1,1,1,1,1,1,1,1,1,0,1,1,1,1,1,1,1,1,0,1,1,0,1,1,0,1,1,1,1,1,0,1,1,1,1,1,0,1,1,1,1,1,0,1,1,1,1,1,1,1,1,0,1,1,1,1,1,1,1,1,1,1,1,1,1,1,1,1,1,1,1,1,1,1,1,0,1,1,1,1,1,1,1,1,1,0,1,1,1,1,1,1,1,1,1,1,1,1,1,1,1,1,0,0,1,1,0,1,1,1,1,1,1,1,1,1,1,1,1,1,1,1,1,1,1,1,1,1,1,1,1,1,1,1,1,1,1,1,1
Sah-0,1,1,1,1,1,1,1,1,1,0,1,0,1,1,1,1,1,1,0,1,0,1,1,1,1,0,1,1,1,1,1,1,1,1,1,1,1,1,0,1,0,0,1,0,0,1,1,0,1,1,1,1,1,1,1,1,1,1,1,1,1,1,1,1,1,1,1,1,0,1,1,1,1,1,1,1,0,1,0,1,1,1,1,1,0,1,1,1,1,1,1,1,1,1,1,1,1,1,1,1,1,1,1,1,1,0,1,1,1,1,1,1,1,1,1,1,1,1,1,1,0,1,1,1,1,1,1,1,1,0,1,0,1,0,1,1,1,1,1,1,1,1,1,1,1,1,1,1,1,1,1,0,1,1,0,0,0,0,1,1,1,1,1,1,1,1,1,1,1,1,1,1,0,0,0,1,1,1,0,0,0,1,1,0,1,1,0,0,1,1,1,0,0,1,1,1,0,0,0,1,0,1,1,1,1,1,1,1,1,1,1,1,1,1,1,1,1,1,1,1,1,1,1,1,0,0,1,1,1,0,0,1,0,1,1,1,1,0,1,1,1,1,1,1,1,1,1,1,1,1,1,0,1,1,1,1,1,0,0,1,1,0,0,1,1,1,1,1,1,1,1,1,1,0,1,0,1,1,1,1,1,0,0,0,0,1,1,1,1,1,1,1,0,1,1,1,0,1,0,1,1,1,1,1,1,1,1,0,1,1,0,1,1,0,1,1,1,1,1,0,1,1,1,1,1,0,1,1,1,1,1,0,1,1,1,1,1,1,1,1,0,1,1,1,1,1,1,1,1,1,1,1,1,1,1,1,1,1,1,1,1,1,1,1,0,1,1,1,1,1,1,1,1,1,0,1,1,1,1,1,1,1,1,1,1,1,1,1,1,1,1,0,0,1,1,0,1,1,1,1,1,1,1,1,1,1,1,1,1,1,1,1,1,1,1,1,1,1,1,1,1,1,1,1,1,1,1,1
Shahdara,1,1,1,1,1,1,1,1,1,0,1,0,1,1,1,1,1,1,0,1,0,1,1,1,1,0,1,1,1,1,1,1,1,1,1,1,1,1,0,1,0,0,1,0,0,1,1,0,1,1,1,1,1,1,1,1,1,1,1,1,1,1,1,1,1,1,1,1,0,1,1,1,1,1,1,1,0,1,0,1,1,1,1,1,0,1,1,1,1,1,1,1,1,1,1,1,1,1,1,1,1,1,1,1,1,0,1,1,1,1,1,1,1,1,1,1,1,1,1,1,0,1,1,1,1,1,1,1,1,0,1,0,1,0,1,1,1,1,1,1,1,1,1,1,1,1,1,1,1,1,1,0,1,1,0,0,0,0,1,1,1,1,1,1,1,1,1,1,1,1,1,1,0,0,0,1,1,1,0,0,0,1,1,0,1,1,0,0,1,1,1,0,0,1,1,1,0,0,0,1,0,1,1,1,1,1,1,1,1,1,1,1,1,1,1,1,1,1,1,1,1,1,1,1,0,0,1,1,1,0,0,1,0,1,1,1,1,0,1,1,1,1,1,1,1,1,1,1,1,1,1,0,1,1,1,1,1,0,0,1,1,0,0,1,1,1,1,1,1,1,1,1,1,0,1,0,1,1,1,1,1,0,0,0,0,1,1,1,1,1,1,1,1,1,1,1,1,1,0,1,1,1,1,1,1,1,1,0,1,1,0,1,1,0,1,1,1,1,1,0,1,1,1,1,1,0,1,1,1,1,1,0,1,1,1,1,1,1,1,1,0,1,1,1,1,1,1,1,1,1,1,1,1,1,1,1,1,1,1,1,1,1,1,1,0,1,1,1,1,1,1,1,1,1,0,1,1,1,1,1,1,1,1,1,1,1,1,1,1,1,1,0,0,1,1,0,1,1,1,1,1,1,1,1,1,1,1,1,1,1,1,1,1,1,1,1,1,1,1,1,1,1,1,1,1,1,1,1
Sus-1,1,1,1,1,1,1,1,1,1,0,1,0,1,1,1,1,1,1,0,1,0,1,1,1,1,0,1,1,1,1,1,1,1,1,1,1,1,1,0,1,0,0,1,0,0,1,1,0,1,1,1,1,1,1,1,1,1,1,1,1,1,1,1,1,1,1,1,1,0,1,1,1,1,1,1,1,0,1,0,1,1,1,1,1,0,1,1,1,1,1,1,1,1,1,1,1,1,1,1,1,1,1,1,1,1,0,1,1,1,1,1,1,1,1,1,1,1,1,1,1,0,1,1,1,1,1,1,1,1,0,1,0,1,0,1,1,1,1,1,1,1,1,1,1,1,1,1,1,1,1,1,0,1,1,0,0,0,0,1,1,1,1,1,1,1,1,1,1,1,1,1,1,0,0,0,1,1,1,0,0,0,1,1,0,1,1,0,0,1,1,1,0,0,1,1,1,0,0,0,1,0,1,1,1,1,1,1,1,1,1,1,1,1,1,1,1,1,1,1,1,1,1,1,1,0,0,1,1,1,0,0,1,0,1,1,1,1,0,1,1,1,1,1,1,1,1,1,1,1,1,1,0,1,1,1,1,1,0,0,1,1,0,0,1,1,1,1,1,1,1,1,1,1,0,1,0,1,1,1,1,1,0,0,0,0,1,1,1,1,1,1,1,0,1,1,1,0,1,0,1,1,1,1,1,1,1,1,0,1,1,0,1,1,0,1,1,1,1,1,0,1,1,1,1,1,0,1,1,1,1,1,0,1,1,1,1,1,1,1,1,1,1,1,1,1,1,1,1,1,1,1,1,1,1,1,1,1,1,1,1,1,1,1,1,0,1,1,1,1,1,1,1,1,1,0,1,1,1,1,1,1,1,1,1,1,1,1,1,1,1,1,0,0,1,1,0,1,1,1,1,1,1,1,1,1,1,1,1,1,1,1,1,1,1,1,1,1,1,1,1,1,1,1,1,1,1,1,1
Tanz-1,1,1,1,1,1,1,1,1,1,0,1,0,1,1,1,1,1,1,0,1,0,1,1,1,1,0,1,1,1,1,1,1,1,1,1,1,1,1,0,1,0,1,1,0,0,1,1,0,1,1,1,1,1,1,1,1,1,1,1,1,1,1,1,1,1,1,1,1,0,1,1,1,1,1,1,1,0,1,0,1,1,1,1,1,0,1,1,1,1,1,1,1,1,1,1,1,1,1,1,1,1,1,1,1,1,0,1,1,1,1,1,1,1,1,1,1,1,1,1,1,0,1,1,1,1,1,1,1,1,0,1,0,1,0,1,1,1,1,1,1,1,1,1,1,1,1,1,1,1,1,1,0,1,1,0,0,0,0,1,1,1,1,1,1,1,1,1,1,1,1,1,1,0,0,0,1,1,1,0,0,0,1,1,0,1,1,0,0,1,1,1,0,0,1,1,1,0,0,0,1,0,1,1,1,1,1,1,1,1,1,1,1,1,1,1,1,1,1,1,1,1,1,1,1,0,0,1,1,1,0,0,1,0,1,1,1,1,0,1,1,1,1,1,1,1,1,1,1,1,1,1,0,1,1,1,1,1,0,0,1,1,0,0,1,1,1,1,1,1,1,1,1,1,0,1,0,1,1,1,1,1,0,0,0,0,1,1,1,1,1,1,1,1,1,1,1,1,1,0,1,1,1,1,1,1,1,1,0,1,1,0,1,1,0,1,1,1,1,1,0,1,1,1,1,1,0,1,1,1,1,1,0,1,1,1,1,1,1,1,1,1,1,1,1,1,1,1,1,1,1,1,1,1,1,1,1,1,1,1,1,1,1,1,1,0,1,1,1,1,1,1,1,1,1,0,1,1,1,1,1,1,1,1,1,1,1,1,1,1,1,1,0,0,1,1,0,1,1,1,1,1,1,1,1,1,1,1,1,1,1,1,1,1,1,1,1,1,1,1,1,1,1,1,1,1,1,1,1
Taz-0,1,1,1,1,1,1,1,1,1,0,1,0,1,1,1,1,1,1,0,1,0,1,1,1,1,0,1,1,1,1,1,1,1,1,1,1,1,1,0,1,0,0,1,0,0,1,1,0,1,1,1,1,1,1,1,1,1,1,1,1,1,1,1,1,1,1,1,1,0,1,1,1,1,1,1,1,0,1,0,1,1,1,1,1,0,1,1,1,1,1,1,1,1,1,1,1,1,1,1,1,1,1,1,1,1,0,1,1,1,1,1,1,1,1,1,1,1,1,1,1,0,1,1,1,1,1,1,1,1,0,1,0,1,0,1,1,1,1,1,1,1,1,1,1,1,1,1,1,1,1,1,0,1,1,0,0,0,0,1,1,1,1,1,1,1,1,1,1,1,1,1,1,0,0,0,1,1,1,0,0,0,1,1,0,1,1,0,0,1,1,1,0,0,1,1,1,0,0,0,1,0,1,1,1,1,1,1,1,1,1,1,1,1,1,1,1,1,1,1,1,1,1,1,1,0,0,1,1,1,0,0,1,0,1,1,1,1,0,1,1,1,1,1,1,1,1,1,1,1,1,1,0,1,1,1,1,1,0,0,1,1,0,0,1,1,1,1,1,1,1,1,1,1,0,1,0,1,1,1,1,1,0,0,0,0,1,1,1,1,1,1,1,0,1,1,1,0,1,0,1,1,1,1,1,1,1,1,0,1,1,0,1,1,0,1,1,1,1,1,0,1,1,1,1,1,0,1,1,1,1,1,0,1,1,1,1,1,1,1,1,1,1,1,1,1,1,1,1,1,1,1,1,1,1,1,1,1,1,1,1,1,1,1,1,0,1,1,1,1,1,1,1,1,1,0,1,1,1,1,1,1,1,1,1,1,1,1,1,1,1,1,0,0,1,1,0,1,1,1,1,1,1,1,1,1,1,1,1,1,1,1,1,1,1,1,1,1,1,1,1,1,1,1,1,1,1,1,1
Tsu-0,1,1,1,1,1,1,1,1,1,0,1,0,1,1,1,1,1,1,0,1,0,1,1,1,1,0,1,1,1,1,1,1,1,1,1,1,1,1,0,1,0,0,1,0,0,1,1,0,1,1,1,1,1,1,1,1,1,1,1,1,1,1,1,1,1,1,1,1,0,1,1,1,1,1,1,1,0,1,0,1,1,1,1,1,0,1,1,1,1,1,1,1,1,1,1,1,1,1,1,1,1,1,1,1,1,0,1,1,1,1,1,1,1,1,1,1,1,1,1,1,0,1,1,1,1,1,1,1,1,0,1,0,1,0,1,1,1,1,1,1,1,1,1,1,1,1,1,1,1,1,1,0,1,1,0,0,0,0,1,1,1,1,1,1,1,1,1,1,1,1,1,1,0,0,0,1,1,1,0,0,0,1,1,0,1,1,0,0,1,1,1,0,0,1,1,1,0,0,0,1,0,1,1,1,1,1,1,1,1,1,1,1,1,1,1,1,1,1,1,1,1,1,1,1,0,0,1,1,1,0,0,1,0,1,1,1,1,0,1,1,1,1,1,1,1,1,1,1,1,1,1,0,1,1,1,1,1,0,0,1,1,0,0,1,1,1,1,1,1,1,1,1,1,0,1,0,1,1,1,1,1,0,0,0,0,1,1,1,1,1,1,1,1,1,1,1,1,1,0,1,1,1,1,1,1,1,1,0,1,1,0,1,1,0,1,1,1,1,1,0,1,1,1,1,1,0,1,1,1,1,1,0,1,1,1,1,1,1,1,1,1,1,1,1,1,1,1,1,1,1,1,1,1,1,1,1,1,1,1,1,1,1,1,1,0,1,1,1,1,1,1,1,1,1,0,1,1,1,1,1,1,1,1,1,1,1,1,1,1,1,1,0,0,1,1,0,1,1,1,1,1,1,1,1,1,1,1,1,1,1,1,1,1,1,1,1,1,1,1,1,1,1,1,1,1,1,1,1
Tul-0,1,1,1,1,1,1,1,1,1,0,1,0,1,1,1,1,1,1,0,1,0,1,1,1,1,0,1,1,1,1,1,1,1,1,1,1,1,1,0,1,0,0,1,0,0,1,1,0,1,1,1,1,1,1,1,1,1,1,1,1,1,1,1,1,1,1,1,1,0,1,1,1,1,1,1,1,0,1,0,1,1,1,1,1,0,1,1,1,1,1,1,1,1,1,1,1,1,1,1,1,1,1,1,1,1,0,1,1,1,1,1,1,1,1,1,1,1,1,1,1,0,1,1,1,1,1,1,1,1,0,1,0,1,0,1,1,1,1,1,1,1,1,1,1,1,1,1,1,1,1,1,0,1,1,0,0,0,0,1,1,1,1,1,1,1,1,1,1,1,1,1,1,0,0,0,1,1,1,0,0,0,1,1,0,1,1,0,0,1,1,1,0,0,1,1,1,0,0,0,1,0,1,1,1,1,1,1,1,1,1,1,1,1,1,1,1,1,1,1,1,1,1,1,1,0,0,1,1,1,0,0,1,0,1,1,1,1,0,1,1,1,1,1,1,1,1,1,1,1,1,1,0,1,1,1,1,1,0,0,1,1,0,0,1,1,1,1,1,1,1,1,1,1,0,1,0,1,1,1,1,1,0,0,0,0,1,1,1,1,1,1,1,1,1,1,1,1,1,0,1,1,1,1,1,1,1,1,0,1,1,0,1,1,0,1,1,1,1,1,0,1,1,1,1,1,0,1,1,1,1,1,0,1,1,1,1,1,1,1,1,0,1,1,1,1,1,1,1,1,1,1,1,1,1,1,1,1,1,1,1,1,1,1,1,0,1,1,1,1,1,1,1,1,1,0,1,1,1,1,1,1,1,1,1,1,1,1,1,1,1,1,0,0,1,1,0,1,1,1,1,1,1,1,1,1,1,1,1,1,1,1,1,1,1,1,1,1,1,1,1,1,1,1,1,1,1,1,1
Yo-0,1,1,1,1,1,1,1,1,1,0,1,0,1,1,1,1,1,1,0,1,0,1,1,1,1,0,1,1,1,1,1,1,1,1,1,1,1,1,0,1,0,0,1,0,0,1,1,0,1,1,1,1,1,1,1,1,1,1,1,1,1,1,1,1,1,1,1,1,0,1,1,1,1,1,1,1,0,1,0,1,1,1,1,1,0,1,1,1,1,1,1,1,1,1,1,1,1,1,1,1,1,1,1,1,1,0,1,1,1,1,1,1,1,1,1,1,1,1,1,1,0,1,1,1,1,1,1,1,1,0,1,0,1,0,1,1,1,1,1,1,1,1,1,1,1,1,1,1,1,1,1,0,1,1,0,0,0,0,1,1,1,1,1,1,1,1,1,1,1,1,1,1,0,0,0,1,1,1,0,0,0,1,1,0,1,1,0,0,1,1,1,0,0,1,1,1,0,0,0,1,0,1,1,1,1,1,1,1,1,1,1,1,1,1,1,1,1,1,1,1,1,1,1,1,0,0,1,1,1,0,0,1,0,1,1,1,1,0,1,1,1,1,1,1,1,1,1,1,1,1,1,0,1,1,1,1,1,0,0,1,1,0,0,1,1,1,1,1,1,1,1,1,1,0,1,0,1,1,1,1,1,0,0,0,0,1,1,1,1,1,1,1,1,1,1,1,1,1,0,1,1,1,1,1,1,1,1,0,1,1,0,1,1,0,1,1,1,1,1,0,1,1,1,1,1,0,1,1,1,1,1,0,1,1,1,1,1,1,1,1,0,1,1,1,1,1,1,1,1,1,1,1,1,1,1,1,1,1,1,1,1,1,1,1,0,1,1,1,1,1,1,1,1,1,0,1,1,1,1,1,1,1,1,1,1,1,1,1,1,1,1,0,0,1,1,0,1,1,1,1,1,1,1,1,1,1,1,1,1,1,1,1,1,1,1,1,1,1,1,1,1,1,1,1,1,1,1,1
Zin9,1,1,1,1,1,1,1,1,1,0,1,0,1,1,1,1,1,1,0,1,0,1,1,1,1,0,1,1,1,1,1,1,1,1,1,1,1,1,0,1,0,0,1,0,0,1,1,0,1,1,1,1,1,1,1,1,1,1,1,1,1,1,1,1,1,1,1,1,0,1,1,1,1,1,1,1,0,1,0,1,1,1,1,1,0,1,1,1,1,1,1,1,1,1,1,1,1,1,1,1,1,1,1,1,1,0,1,1,1,1,1,1,1,1,1,1,1,1,1,1,0,1,1,1,1,1,1,1,1,0,1,0,1,0,1,1,1,1,1,1,1,1,1,1,1,1,1,1,1,1,1,0,1,1,0,0,0,0,1,1,1,1,1,1,1,1,1,1,1,1,1,1,0,0,0,1,1,1,0,0,0,1,1,0,1,1,0,0,1,1,1,0,0,1,1,1,0,0,0,1,0,1,1,1,1,1,1,1,1,1,1,1,1,1,1,1,1,1,1,1,1,1,1,1,0,0,1,1,1,0,0,1,0,1,1,1,1,0,1,1,1,1,1,1,1,1,1,1,1,1,1,0,1,1,1,1,1,0,0,1,1,0,0,1,1,1,1,1,1,1,1,1,1,0,1,0,1,1,1,1,1,0,0,0,0,1,1,1,1,1,1,1,1,1,1,1,1,1,0,1,1,1,1,1,1,1,1,0,1,1,0,1,1,0,1,1,1,1,1,0,1,1,1,1,1,0,1,1,1,1,1,0,1,1,1,1,1,1,1,1,0,1,1,1,1,1,1,1,1,1,1,1,1,1,1,1,1,1,1,1,1,1,1,1,0,1,1,1,1,1,1,1,1,1,0,1,1,1,1,1,1,1,1,1,1,1,1,1,1,1,1,0,0,1,1,0,1,1,1,1,1,1,1,1,1,1,1,1,1,1,1,1,1,1,1,1,1,1,1,1,1,1,1,1,1,1,1,1
ws-4,1,1,1,1,1,1,1,1,1,0,1,0,1,1,1,1,1,1,0,1,0,1,1,1,1,0,1,1,1,1,1,1,1,1,1,1,1,1,0,1,0,0,1,0,0,1,1,0,1,1,1,1,1,1,1,1,1,1,1,1,1,1,1,1,1,1,1,1,0,1,1,1,1,1,1,1,0,1,0,1,1,1,1,1,0,1,1,1,1,1,1,1,1,1,1,1,1,1,1,1,1,1,1,1,1,0,1,1,1,1,1,1,1,1,1,1,1,1,1,1,0,1,1,1,1,1,1,1,1,0,1,0,1,0,1,1,1,1,1,1,1,1,1,1,1,1,1,1,1,1,1,0,1,1,0,0,0,0,1,1,1,1,1,1,1,1,1,1,1,1,1,1,0,0,0,1,1,1,0,0,0,1,1,0,1,1,0,0,1,1,1,0,0,1,1,1,0,0,0,1,0,1,1,1,1,1,1,1,1,1,1,1,1,1,1,1,1,1,1,1,1,1,1,1,0,0,1,1,1,0,0,1,0,1,1,1,1,0,1,1,1,1,1,1,1,1,1,1,1,1,1,0,1,1,1,1,1,0,0,1,1,0,0,1,1,1,1,1,1,1,1,1,1,0,1,0,1,1,1,1,1,0,0,0,0,1,1,1,1,1,1,1,1,1,1,1,1,1,0,1,1,1,1,1,1,1,1,0,1,1,0,1,1,0,1,1,1,1,1,0,1,1,1,1,1,0,1,1,1,1,1,0,1,1,1,1,1,1,1,1,0,1,1,1,1,1,1,1,1,1,1,1,1,1,1,1,1,1,1,1,1,1,1,1,0,1,1,1,1,1,1,1,1,1,0,1,1,1,1,1,1,1,1,1,1,1,1,1,1,1,1,0,0,1,1,0,1,1,1,1,1,1,1,1,1,1,1,1,1,1,1,1,1,1,1,1,1,1,1,1,1,1,1,1,1,1,1,1
