(+)-Bornane-2,5-dione	CC1(C2CC(=O)C1(CC2=O)C)C
(+)-Linalool	CC(=CCCC(C)(C=C)O)C
(+)-exo-5-Hydroxycamphor	CC1(C2CC(=O)C1(CC2O)C)C
(11R)-Carlactonoic acid	CC1=C(C(CCC1)(C)C)C=CC(=COC2C=C(C(=O)O2)C)C(=O)O
(15S)-15-Hydroxy-5,8,11-cis-13-trans-eicosatetraenoate	CCCCCC(C=CC=CCC=CCC=CCCCC(=O)O)O
(1R)-Glutathionyl-(2R)-hydroxy-1,2-dihydronaphthalene	C1=CC=C2C(C(C=CC2=C1)O)SCC(C(=O)NCC(=O)O)NC(=O)CCC(C(=O)O)N
(1R)-Hydroxy-(2R)-glutathionyl-1,2-dihydronaphthalene	C1=CC=C2C(C(C=CC2=C1)SCC(C(=O)NCC(=O)O)NC(=O)CCC(C(=O)O)N)O
(1R,2S)-Naphthalene 1,2-oxide	C1=CC=C2C3C(O3)C=CC2=C1
(1R,6R)-6-Hydroxy-2-succinylcyclohexa-2,4-diene-1-carboxylate	C1=CC(C(C(=C1)C(=O)CCC(=O)O)C(=O)O)O
(1S)-Hydroxy-(2S)-glutathionyl-1,2-dihydronaphthalene	C1=CC=C2C(C(C=CC2=C1)SCC(C(=O)NCC(=O)O)NC(=O)CCC(C(=O)O)N)O
(1S,2R)-Naphthalene 1,2-oxide	C1=CC=C2C3C(O3)C=CC2=C1
(2E,4E,6E)-7-Hydroxy-4-methylhepta-2,4,6-trienal	CC(=CC=CO)C=CC=O
(2E,6E)-Farnesol	CC(=CCCC(=CCCC(=CCO)C)C)C
(2R,3S)-3-Isopropylmalate	CC(C)C(C(C(=O)[O-])O)C(=O)[O-]
(2S)-2-Isopropyl-3-oxosuccinate	CC(C)C(C(=O)C(=O)O)C(=O)O
(2S)-2-[5-amino-1-(5-O-phosphonato-beta-D-ribosyl)imidazole-4-carboxamido]succinate	C1=NC(=C(N1C2C(C(C(O2)COP(=O)([O-])[O-])O)O)N)C(=O)NC(CC(=O)[O-])C(=O)[O-]
(2S,3R)-3-Hydroxybutane-1,2,3-tricarboxylate	CC(C(CC(=O)[O-])C(=O)[O-])(C(=O)[O-])O
(2S,3S)-3-Hydroxy-2-methylbutanoyl-CoA	CC(C(C)O)C(=O)SCCNC(=O)CCNC(=O)C(C(C)(C)COP(=O)(O)OP(=O)(O)OCC1C(C(C(O1)N2C=NC3=C(N=CN=C32)N)O)OP(=O)(O)O)O
(2S,4S)-4-Hydroxy-2,3,4,5-tetrahydrodipicolinate	C1C(CC(=NC1C(=O)O)C(=O)O)O
(3R)-3-Hydroxyacyl-[acyl-carrier protein]	C(CO)C(=O)S
(3Z)-Phytochromobilin	CC=C1C(C(=O)NC1=CC2=C(C(=C(N2)C=C3C(=C(C(=CC4=NC(=O)C(=C4C)C=C)N3)C)CCC(=O)O)CCC(=O)O)C)C
(4R)-4-Hydroxy-2-oxoglutarate	C(C(C(=O)[O-])O)C(=O)C(=O)[O-]
(9Z)-Hexadecenoic acid	CCCCCCC=CCCCCCCCC(=O)O
(9Z,12Z,15Z)-Octadecatrienoic acid	CCC=CCC=CCC=CCCCCCCCC(=O)O
(Indol-3-yl)acetamide	C1=CC=C2C(=C1)C(=CN2)CC(=O)N
(R)-2,3-Dihydroxy-3-methylpentanoate	CCC(C)(C(C(=O)[O-])O)O
(R)-2,3-dihydroxy-3-methylbutanoate	CC(C)(C(C(=O)[O-])O)O
(R)-2-Methylmalate	CC(CC(=O)[O-])(C(=O)[O-])O
(R)-3-Hydroxy-3-methyl-2-oxopentanoate	CCC(C)(C(=O)C(=O)[O-])O
(R)-4'-Phosphopantothenoyl-L-cysteine	CC(C)(COP(=O)(O)O)C(C(=O)NCCC(=O)NC(CS)C(=O)O)O
(R)-5,6-Dihydrothymine	CC1CNC(=O)NC1=O
(R)-Lactate	CC(C(=O)O)O
(R)-Methylmalonyl-CoA	CC(C(=O)O)C(=O)SCCNC(=O)CCNC(=O)C(C(C)(C)COP(=O)(O)OP(=O)(O)OCC1C(C(C(O1)N2C=NC3=C(N=CN=C32)N)O)OP(=O)(O)O)O
(R)-N6-(S8-acetyldihydrolipoyl)-L-lysine residue	
(R)-N6-dihydrolipoyl-L-lysyl-(protein)	
(R)-N6-lipoyl-L-lysyl-[protein]	
(R)-Pantoate	CC(C)(CO)C(C(=O)[O-])O
(R)-S-Lactoylglutathione	CC(C(=O)SCC(C(=O)NCC(=O)O)NC(=O)CCC(C(=O)O)N)O
(S)-1-pyrroline-5-carboxylate	C1CC(N=C1)C(=O)O
(S)-2,3,4,5-Tetrahydropyridine-2-carboxylate	C1CC=NC(C1)C(=O)O
(S)-2-Aceto-2-hydroxybutanoate	CCC(C(=O)C)(C(=O)O)O
(S)-3-Hydroxy-3-methylglutaryl-CoA	CC(C)(COP(=O)(O)OP(=O)(O)OCC1C(C(C(O1)N2C=NC3=C(N=CN=C32)N)O)OP(=O)(O)O)C(C(=O)NCCC(=O)NCCSC(=O)CC(C)(CC(=O)O)O)O
(S)-3-Hydroxyisobutyrate	CC(CO)C(=O)[O-]
(S)-3-Hydroxyisobutyryl-CoA	CC(CO)C(=O)SCCNC(=O)CCNC(=O)C(C(C)(C)COP(=O)(O)OP(=O)(O)OCC1C(C(C(O1)N2C=NC3=C(N=CN=C32)N)O)OP(=O)(O)O)O
(S)-3-Methyl-2-oxopentanoic acid	CCC(C)C(=O)C(=O)O
(S)-Allantoin	C1(C(=O)NC(=O)N1)NC(=O)N
(S)-Lactate	CC(C(=O)[O-])O
(S)-Methylmalonyl-CoA	CC(C(=O)O)C(=O)SCCNC(=O)CCNC(=O)C(C(C)(C)COP(=O)(O)OP(=O)(O)OCC1C(C(C(O1)N2C=NC3=C(N=CN=C32)N)O)OP(=O)(O)O)O
(S)-Ureidoglycine	C(C(=O)O)(N)NC(=O)N
(S)-Ureidoglycolate	C(C(=O)O)(NC(=O)N)O
(Z)-But-2-ene-1,2,3-tricarboxylate	CC(=C(CC(=O)[O-])C(=O)[O-])C(=O)[O-]
1,1-Dichloroethylene epoxide	C1C(O1)(Cl)Cl
1,2-Dibromoethane	C(CBr)Br
1,2-Dihydroxy-5-(methylthio)pent-1-en-3-one	CSCCC(=O)C(=CO)O
1,4-Dihydroxy-2-naphthoate	C1=CC=C2C(=C1)C(=CC(=C2[O-])C(=O)O)O
1,4-Dihydroxy-2-naphthoyl-CoA	CC(C)(COP(=O)(O)OP(=O)(O)OCC1C(C(C(O1)N2C=NC3=C(N=CN=C32)N)O)OP(=O)(O)O)C(C(=O)NCCC(=O)NCCSC(=O)C4=C(C5=CC=CC=C5C(=C4)O)O)O
1-(2-Carboxyphenylamino)-1-deoxy-D-ribulose 5-phosphate	C1=CC=C(C(=C1)C(=O)O)NCC(=O)C(C(COP(=O)(O)O)O)O
1-(5-Phospho-D-ribosyl)-ATP	C1=NC2=C(N1C3C(C(C(O3)COP(=O)(O)OP(=O)(O)OP(=O)(O)O)O)O)N=CN(C2=N)C4C(C(C(O4)COP(=O)(O)O)O)O
1-Acyl-sn-glycerol 3-phosphate	
1-Butanol	CCCCO
1-Carboxyvinyl carboxyphosphonate	C=C(C(=O)O)OP(=O)(C(=O)O)O
1-Deoxy-D-xylulose_5-phosphate	
1-Nitro-5-glutathionyl-6-hydroxy-5,6-dihydronaphthalene	C1=CC2=C(C=CC(C2SCC(C(=O)NCC(=O)O)NC(=O)CCC(C(=O)O)N)O)C(=C1)[N+](=O)[O-]
1-Nitro-5-hydroxy-6-glutathionyl-5,6-dihydronaphthalene	C1=CC2=C(C=CC(C2O)SCC(C(=O)NCC(=O)O)NC(=O)CCC(C(=O)O)N)C(=C1)[N+](=O)[O-]
1-Nitro-7-glutathionyl-8-hydroxy-7,8-dihydronaphthalene	C1=CC2=C(C(C(C=C2)SCC(C(=O)NCC(=O)O)NC(=O)CCC(C(=O)O)N)O)C(=C1)[N+](=O)[O-]
1-Nitro-7-hydroxy-8-glutathionyl-7,8-dihydronaphthalene	C1=CC2=C(C(C(C=C2)O)SCC(C(=O)NCC(=O)O)NC(=O)CCC(C(=O)O)N)C(=C1)[N+](=O)[O-]
1-Nitronaphthalene-5,6-oxide	C1=CC2=C(C=CC3C2O3)C(=C1)[N+](=O)[O-]
1-Nitronaphthalene-7,8-oxide	C1=CC2=C(C3C(O3)C=C2)C(=C1)[N+](=O)[O-]
1-Palmitoylglycerol 3-phosphate	CCCCCCCCCCCCCCCC(=O)OCC(COP(=O)(O)O)O
1-Phospho-alpha-D-galacturonate	C1(C(C(OC(C1O)OP(=O)(O)O)C(=O)O)O)O
10-Formyltetrahydrofolate	C1C(NC2=C(N1)N=C(NC2=O)N)CN(C=O)C3=CC=C(C=C3)C(=O)NC(CCC(=O)O)C(=O)O
12'-apo-Carotenal	CC1=C(C(CCC1)(C)C)C=CC(=CC=CC(=CC=CC=C(C)C=O)C)C
13(1)-Hydroxy-magnesium-protoporphyrin_IX_13-monomethyl_ester	
13(1)-Oxo-magnesium-protoporphyrin_IX_13-monomethyl_ester	
15(S)-HPETE	CCCCCC(C=CC=CCC=CCC=CCCCC(=O)O)OO
15,9'-dicis-Phytofluene	CC(=CCCC(=CCCC(=CCCC(=CC=CC=C(C)C=CC=C(C)CCC=C(C)CCC=C(C)C)C)C)C)C
15-cis-Phytoene	CC(=CCCC(=CCCC(=CCCC(=CC=CC=C(C)CCC=C(C)CCC=C(C)CCC=C(C)C)C)C)C)C
1D-myo-Inositol 3-phosphate	C1(C(C(C(C(C1O)O)OP(=O)(O)O)O)O)O
2,2-Dichloroacetaldehyde	C(=O)C(Cl)Cl
2,3,4,5-Tetrahydrodipicolinate	C1CC(N=C(C1)C(=O)O)C(=O)O
2,3-Dihydro-2-S-glutathionyl-3-hydroxy bromobenzene	C1=CC(C(C(=C1)Br)SCC(C(=O)NCC(=O)O)NC(=O)CCC(C(=O)O)N)O
2,3-Dihydroxy-1,1,1-trichloro-2,2-bis(4'-chlorophenyl)ethane	C1=CC(=CC=C1C(C2=C(C(=C(C=C2)Cl)O)O)C(Cl)(Cl)Cl)Cl
2,3-Diketo-5-methylthiopentyl-1-phosphate	CSCCC(=O)C(=O)COP(=O)(O)O
2,3-Dimethyl-5-phytylquinol	CC1=C(C=C(C(=C1C)O)CC=C(C)CCCC(C)CCCC(C)CCCC(C)C)O
2,4-Dichlorophenol	C1=CC(=C(C=C1Cl)Cl)O
2,5-Diamino-6-(5-phospho-D-ribosylamino)pyrimidin-4(3H)-one	C(C1C(C(C(O1)NC2=C(C(=O)NC(=N2)N)N)O)O)OP(=O)(O)O
2,5-Dichloro-cis,cis-muconate	C(=C(C(=O)[O-])Cl)C=C(C(=O)[O-])Cl
2-(3'-Methylthio)propylmalic acid	
2-(4'-Methylthio)butylmalic acid	CSCCCCC(CC(=O)O)(C(=O)O)O
2-(5'-Methylthio)pentylmalic acid	CSCCCCCC(CC(=O)O)(C(=O)O)O
2-(6'-Methylthio)hexylmalic acid	CSCCCCCCC(CC(=O)O)(C(=O)O)O
2-(7'-Methylthio)heptylmalic acid	CSCCCCCCCC(CC(=O)O)(C(=O)O)O
2-(S-Glutathionyl)acetyl chloride	C(CC(=O)NC(CSCC(=O)Cl)C(=O)NCC(=O)O)C(C(=O)O)N
2-(S-Glutathionyl)acetyl glutathione	C(CC(=O)NC(CSCC(=O)SCC(C(=O)NCC(=O)O)NC(=O)CCC(C(=O)O)N)C(=O)NCC(=O)O)C(C(=O)O)N
2-(alpha-Hydroxyethyl)thiamine diphosphate	CC1=C(SC(=[N+]1CC2=CN=C(N=C2N)C)C(C)O)CCOP(=O)(O)OP(=O)(O)O
2-Acetolactate	CC(=O)C(C)(C(=O)O)O
2-Bromoacetaldehyde	C(C=O)Br
2-C-Methyl-D-erythritol_2_4-cyclodiphosphate	
2-C-Methyl-D-erythritol_4-phosphate	
2-Carboxy-1,4-naphthoquinone	C1=CC=C2C(=C1)C(=O)C=C(C2=O)C(=O)O
2-Carboxy-D-arabinitol	C(C(C(C(CO)(C(=O)O)O)O)O)O
2-Carboxy-D-arabinitol 1-phosphate	C(C(C(C(COP(=O)(O)O)(C(=O)O)O)O)O)O
2-Deoxy-D-ribose 5-phosphate	C(C=O)C(C(COP(=O)(O)O)O)O
2-Hydroxy-3-keto-5-methylthiopentenyl-1-phosphate	CSCCC(=O)C(=COP(=O)(O)O)O
2-Hydroxy-3-phenylpropenoate	C1=CC=C(C=C1)C=C(C(=O)O)O
2-Hydroxyphenylacetate	C1=CC=C(C(=C1)CC(=O)[O-])O
2-Isopropylmaleate	CC(C)C(=CC(=O)O)C(=O)O
2-Maleylacetate	C(C(=O)C=CC(=O)O)C(=O)O
2-Methyl-6-phytylquinol	CC1=CC(=CC(=C1O)CC=C(C)CCCC(C)CCCC(C)CCCC(C)C)O
2-Methyl-6-solanyl-1,4-benzoquinol	CC1=CC(=CC(=C1O)CC=C(C)CCC=C(C)CCC=C(C)CCC=C(C)CCC=C(C)CCC=C(C)CCC=C(C)CCC=C(C)CCC=C(C)C)O
2-Methylacetoacetyl-CoA	CC(C(=O)C)C(=O)SCCNC(=O)CCNC(=O)C(C(C)(C)COP(=O)(O)OP(=O)(O)OCC1C(C(C(O1)N2C=NC3=C(N=CN=C32)N)O)OP(=O)(O)O)O
2-Methylbut-2-enoyl-CoA	CC=C(C)C(=O)SCCNC(=O)CCNC(=O)C(C(C)(C)COP(=O)([O-])OP(=O)([O-])OCC1C(C(C(O1)N2C=NC3=C(N=CN=C32)N)O)OP(=O)([O-])[O-])O
2-Methylmaleate	CC(=CC(=O)O)C(=O)O
2-Methylprop-2-enoyl-CoA	CC(=C)C(=O)SCCNC(=O)CCNC(=O)C(C(C)(C)COP(=O)(O)OP(=O)(O)OCC1C(C(C(O1)N2C=NC3=C(N=CN=C32)N)O)OP(=O)(O)O)O
2-Methylthio-N6-dimethylallyladenine in tRNA	
2-Oxo acid	
2-Oxo-3-hydroxy-4-phosphobutanoate	C(C(C(=O)C(=O)O)O)OP(=O)(O)O
2-Oxo-8-methylthiooctanoic acid	CSCCCCCCC(=O)C(=O)O
2-Oxoadipate	C(CC(=O)C(=O)O)CC(=O)O
2-Oxobutanoate	CCC(=O)C(=O)O
2-Oxoglutaramate	C(CC(=O)N)C(=O)C(=O)[O-]
2-Oxosuccinamate	C(C(=O)C(=O)[O-])C(=O)N
2-Phosphinomethylmalate	C(C(=O)O)C(C[P+](=O)O)(C(=O)O)O
2-Phospho-4-cytidine_5-diphospho-2-C-methyl-D-erythritol	
2-Phosphoglycerate	C(C(C(=O)O)OP(=O)(O)O)O
2-Phosphoglycolate	C(C(=O)O)OP(=O)(O)O
2-Phytyl-1,4-naphthoquinone	CC(C)CCCC(C)CCCC(C)CCCC(=CCC1=CC(=O)C2=CC=CC=C2C1=O)C
2-Succinyl-5-enolpyruvyl-6-hydroxy-3-cyclohexene-1-carboxylate	C=C(C(=O)O)OC1C=CC(C(C1O)C(=O)O)C(=O)CCC(=O)O
2-Succinylbenzoate	C1=CC=C(C(=C1)C(=O)CCC(=O)O)C(=O)O
2-Succinylbenzoyl-CoA	
2-Thio-N6-dimethylallyladenine in tRNA	
2-trans,6-trans-Farnesal	CC(=CCCC(=CCCC(=CC=O)C)C)C
3'-Hydroxyechinenone	CC1=C(C(CC(C1)O)(C)C)C=CC(=CC=CC(=CC=CC=C(C)C=CC=C(C)C=CC2=C(C(=O)CCC2(C)C)C)C)C
3'-Phosphoadenylyl selenate	C1=NC(=C2C(=N1)N(C=N2)C3C(C(C(O3)COP(=O)(O)O[Se](=O)(=O)O)OP(=O)(O)O)O)N
3'-Phosphoadenylyl sulfate	C1=NC(=C2C(=N1)N(C=N2)C3C(C(C(O3)COP(=O)(O)OS(=O)(=O)O)OP(=O)(O)O)O)N
3,4-Dihydro-3-hydroxy-4-S-glutathionyl bromobenzene	C1=CC(=CC(C1SCC(C(=O)NCC(=O)O)NC(=O)CCC(C(=O)O)N)O)Br
3,4-Dihydroxy-L-phenylalanine	C1=CC(=C(C=C1CC(C(=O)O)N)O)O
3,5-Dichlorocatechol	C1=C(C=C(C(=C1O)O)Cl)Cl
3,6-Dichlorocatechol	C1=CC(=C(C(=C1Cl)O)O)Cl
3-(3'-Methylthio)propylmalic acid	CSCCCC(C(C(=O)O)O)C(=O)O
3-(4'-Methylthio)butylmalic acid	CSCCCCC(C(C(=O)O)O)C(=O)O
3-(4-Hydroxyphenyl)pyruvate	C1=CC(=CC=C1CC(=O)C(=O)[O-])O
3-(5'-Methylthio)pentylmalic acid	CSCCCCCC(C(C(=O)O)O)C(=O)O
3-(6'-Methylthio)hexylmalic acid	CSCCCCCCC(C(C(=O)O)O)C(=O)O
3-(7'-Methylthio)heptylmalic acid	CSCCCCCCCC(C(C(=O)O)O)C(=O)O
3-(Hydrohydroxyphosphoryl)pyruvate	
3-(Imidazol-4-yl)-2-oxopropyl phosphate	C1=C(NC=N1)CC(=O)COP(=O)(O)O
3-Cyano-L-alanine	C(C#N)C(C(=O)O)N
3-Dehydroquinate	C1C(C(C(=O)CC1(C(=O)[O-])O)O)O
3-Dehydroshikimate	C1C(C(C(=O)C=C1C(=O)O)O)O
3-Deoxy-D-arabino-heptulosonate-7-phosphate	C(C(C(C(COP(=O)(O)O)O)O)O)C(=O)C(=O)O
3-Hydroxy-3-methyl-2-oxobutanoic acid	CC(C)(C(=O)C(=O)O)O
3-Hydroxyechinenone	CC1=C(C(CCC1)(C)C)C=CC(=CC=CC(=CC=CC=C(C)C=CC=C(C)C=CC2=C(C(=O)C(CC2(C)C)O)C)C)C
3-Hydroxypropanoate	C(CO)C(=O)O
3-Isopropyl-3-butenoic acid	CC(C)C(=C)CC(=O)O
3-Isopropylbut-3-enoyl-CoA	CC(C)C(=C)CC(=O)SCCNC(=O)CCNC(=O)C(C(C)(C)COP(=O)(O)OP(=O)(O)OCC1C(C(C(O1)N2C=NC3=C(N=CN=C32)N)O)OP(=O)(O)O)O
3-Methyl-2-oxobutanoate	CC(C)C(=O)C(=O)[O-]
3-Methylbutanal	CC(C)CC=O
3-Methylbutanol	CC(C)CCO
3-Methylbutanoyl-CoA	CC(C)CC(=O)SCCNC(=O)CCNC(=O)C(C(C)(C)COP(=O)(O)OP(=O)(O)OCC1C(C(C(O1)N2C=NC3=C(N=CN=C32)N)O)OP(=O)(O)O)O
3-Methylglutaconyl-CoA	CC(=CC(=O)SCCNC(=O)CCNC(=O)C(C(C)(C)COP(=O)(O)OP(=O)(O)OCC1C(C(C(O1)N2C=NC3=C(N=CN=C32)N)O)OP(=O)(O)O)O)CC(=O)O
3-Oxoacyl-[acyl-carrier protein]	
3-Oxopropanoate	C(C=O)C(=O)[O-]
3-Phosphinomethylmalate	C(C(C(C(=O)O)O)C(=O)O)[P+](=O)O
3-Phospho-D-glyceroyl phosphate	C(C(C(=O)OP(=O)(O)O)O)OP(=O)(O)O
3-Phosphoglycerate	C(C(C(=O)O)O)OP(=O)(O)O
3-Phosphohydroxypyruvate	C(C(=O)C(=O)O)OP(=O)(O)O
3-Sulfino-L-alanine	C(C(C(=O)O)N)S(=O)O
3-Sulfinylpyruvate	C(C(=O)C(=O)O)S(=O)O
3-Sulfopyruvate	C(C(=O)C(=O)O)S(=O)(=O)O
3-Ureidopropionate	C(CNC(=O)N)C(=O)O
3-beta-D-Galactosyl-sn-glycerol	C(C1C(C(C(C(O1)OCC(CO)O)O)O)O)O
4,5-Dihydro-4-hydroxy-5-S-glutathionyl-benzo[a]pyrene	C1=CC=C2C3=C4C(=CC2=C1)C(C(C5=CC=CC(=C54)C=C3)O)SCC(C(=O)NCC(=O)O)NC(=O)CCC(C(=O)O)N
4,5-seco-Dopa	C(C(C(=O)O)N)C(=CC(=O)C(=O)O)C=CO
4-(L-gamma-Glutamylamino)butanoate	C(CC(=O)[O-])CNC(=O)CCC(C(=O)[O-])[NH3+]
4-Amino-2-methyl-5-(phosphooxymethyl)pyrimidine	CC1=NC=C(C(=N1)N)COP(=O)([O-])[O-]
4-Amino-4-deoxychorismate	C=C(C(=O)[O-])OC1C=C(C=CC1[NH3+])C(=O)[O-]
4-Amino-5-hydroxymethyl-2-methylpyrimidine	CC1=NC=C(C(=N1)N)CO
4-Aminobenzoate; p-ABA	
4-Aminobutanoate	C(CC(=O)O)CN
4-Cytidine_5-diphospho-2-C-methyl-D-erythritol	
4-Fumarylacetoacetate	C(C(=O)CC(=O)O)C(=O)C=CC(=O)O
4-Glutathionyl cyclophosphamide	C1COP(=O)(NC1SCC(C(=O)NCC(=O)O)NC(=O)CCC(C(=O)O)N)N(CCCl)CCCl
4-Guanidinobutanamide	C(CC(=O)N)CN=C(N)N
4-Guanidinobutanoate	C(CC(=O)O)CN=C(N)N
4-Hydroxy-2-oxo-heptanedioate	C(CC(=O)O)C(CC(=O)C(=O)O)O
4-Hydroxy-L-threonine	C(C(C(C(=O)O)N)O)O
4-Hydroxyphenylacetaldehyde	C1=CC(=CC=C1CC=O)O
4-Hydroxyphenylethanol	C1=CC(=CC=C1CCO)O
4-Methyl-2-oxopentanoate	CC(C)CC(=O)C(=O)O
4-Methylthio-2-oxobutanoic acid	CSCCC(=O)C(=O)O
4a-Hydroxytetrahydrobiopterin	CC(C(C1CN=C2C(N1)(C(=O)NC(=N2)N)O)O)O
5'-Deoxyadenosine	CC1C(C(C(O1)N2C=NC3=C(N=CN=C32)N)O)O
5'-Methylthioadenosine	CSCC1C(C(C(O1)N2C=NC3=C(N=CN=C32)N)O)O
5(S)-HETE	CCCCCC=CCC=CCC=CC=CC(CCCC(=O)O)O
5(S)-HPETE	CCCCCC=CCC=CCC=CC=CC(CCCC(=O)O)OO
5,10-Methenyltetrahydrofolate	C1C2CN(C=[N+]2C3=C(N1)N=C(NC3=O)N)C4=CC=C(C=C4)C(=O)NC(CCC(=O)O)C(=O)O
5,10-Methylenetetrahydrofolate	C1C2CN(CN2C3=C(N1)N=C(NC3=O)N)C4=CC=C(C=C4)C(=O)NC(CCC(=O)O)C(=O)O
5,6,7,8-Tetrahydrofolate	C1C(NC2=C(N1)N=C(NC2=O)N)CNC3=CC=C(C=C3)C(=O)NC(CCC(=O)[O-])C(=O)[O-]
5,6-Dihydro-5-fluorouracil	C1C(C(=O)NC(=O)N1)F
5,6-Dihydrouracil	C1CNC(=O)NC1=O
5-(2-Hydroxyethyl)-4-methylthiazole	CC1=C(SC=N1)CCO
5-(5-Phospho-D-ribosylaminoformimino)-1-(5-phosphoribosyl)-imidazole-4-carboxamide	C1=NC(=C(N1C2C(C(C(O2)COP(=O)(O)O)O)O)NC=NC3C(C(C(O3)COP(=O)(O)O)O)O)C(=O)N
5-Amino-6-(1-D-ribitylamino)uracil	C(C(C(C(CO)O)O)O)NC1=C(C(=O)NC(=O)N1)N
5-Amino-6-(5'-phospho-D-ribitylamino)uracil	C(C(C(C(COP(=O)(O)O)O)O)O)NC1=C(C(=O)NC(=O)N1)N
5-Amino-6-(5'-phosphoribosylamino)uracil	C(C1C(C(C(O1)NC2=C(C(=O)NC(=O)N2)N)O)O)OP(=O)(O)O
5-Aminoimidazole ribonucleotide	C1=C(N(C=N1)C2C(C(C(O2)COP(=O)(O)O)O)O)N
5-Aminolevulinate	C(CC(=O)O)C(=O)CN
5-Deoxystrigol	CC1=CC(OC1=O)OC=C2C3CC4=C(C3OC2=O)C(CCC4)(C)C
5-Enolpyruvyl-shikimate-3-phosphate	
5-FU	C1=C(C(=O)NC(=O)N1)F
5-Formamidoimidazole-4-carboxamide ribotide	C1=NC(=C(N1C2C(C(C(O2)COP(=O)(O)O)O)O)NC=O)C(=O)N
5-Guanidino-2-oxopentanoate	C(CC(=O)C(=O)[O-])CN=C(N)N
5-Hydroxyindoleacetaldehyde	C1=CC2=C(C=C1O)C(=CN2)CC=O
5-Hydroxyindoleacetate	C1=CC2=C(C=C1O)C(=CN2)CC(=O)O
5-Methoxytryptamine	COC1=CC2=C(C=C1)NC=C2CCN
5-Methyltetrahydrofolate	CN1C(CNC2=C1C(=O)NC(=N2)N)CNC3=CC=C(C=C3)C(=O)NC(CCC(=O)O)C(=O)O
5-Methyltetrahydropteroyltri-L-glutamate	CN1C(CNC2=C1C(=O)NC(=N2)N)CNC3=CC=C(C=C3)C(=O)NC(CCC(=O)NC(CCC(=O)NC(CCC(=O)O)C(=O)O)C(=O)O)C(=O)O
5-Methylthio-D-ribose	CSCC1C(C(C(O1)O)O)O
5-Oxoproline	C1CC(=O)NC1C(=O)O
5-Phosphoribosyl 1-pyrophosphate	C(C1C(C(C(O1)OP(=O)(O)OP(=O)(O)O)O)O)OP(=O)(O)O
5-amino-1-(5-phospho-D-ribosyl)imidazole-4-carboxamide	C1=NC(=C(N1C2C(C(C(O2)COP(=O)(O)O)O)O)N)C(=O)N
5-amino-1-(5-phosphonato-D-ribosyl)imidazolium-4-carboxylate	
5-phospho-beta-D-ribosylaminium	
5-phosphoribosyl-N-formyl glycineamidine	
5-phosphoribosyl-formylglycinamide	
5-phosphoribosylglycineamide	
5alpha-Cholesta-7,24-dien-3beta-ol	CC(CCC=C(C)C)C1CCC2C1(CCC3C2=CCC4C3(CCC(C4)O)C)C
6,7-Dimethyl-8-(D-ribityl)lumazine	CC1=C(N(C2=NC(=O)NC(=O)C2=N1)CC(C(C(CO)O)O)O)C
6-(Hydroxymethyl)-7,8-dihydropterin	C1C(=NC2=C(N1)N=C(NC2=O)N)CO
6-Geranylgeranyl-2,3-dimethylbenzene-1,4-diol	CC1=C(C=C(C(=C1C)O)CC=C(C)CCC=C(C)CCC=C(C)CCC=C(C)C)O
6-Geranylgeranyl-2-methylbenzene-1,4-diol	CC1=CC(=CC(=C1O)CC=C(C)CCC=C(C)CCC=C(C)CCC=C(C)C)O
6-Hydroxymethyl-7,8-dihydropterin diphosphate	C1C(=NC2=C(N1)N=C(NC2=O)N)COP(=O)([O-])OP(=O)([O-])[O-]
6-Phospho-D-gluconate	C(C(C(C(C(C(=O)O)O)O)O)O)OP(=O)(O)O
7(1)-Hydroxychlorophyll_a	
7(1)-Hydroxychlorophyllide_a	
7,8-Diaminononanoate	CC(C(CCCCCC(=O)[O-])N)N
7,8-Dihydroneopterin	C1C(=NC2=C(N1)N=C(NC2=O)N)C(C(CO)O)O
7,8-Dihydroneopterin 3'-triphosphate	C1C(=NC2=C(N1)N=C(NC2=O)N)C(C(COP(=O)(O)OP(=O)(O)OP(=O)(O)O)O)O
8-Amino-7-oxononanoate	CC(C(=O)CCCCCC(=O)[O-])N
9'-cis-Neoxanthin	CC(=CC=CC=C(C)C=CC=C(C)C=C=C1C(CC(CC1(C)O)O)(C)C)C=CC=C(C)C=CC23C(CC(CC2(O3)C)O)(C)C
9(S)-HPOT	CCC=CCC=CC=CC(CCCCCCCC(=O)O)OO
9,10-EOT	CCC=CCC=CC=C1C(O1)CCCCCCCC(=O)O
9,15,9'-tricis-zeta-Carotene	CC(=CCCC(=CCCC(=CC=CC(=CC=CC=C(C)C=CC=C(C)CCC=C(C)CCC=C(C)C)C)C)C)C
9,9'-dicis-zeta-Carotene	CC(=CCCC(=CCCC(=CC=CC(=CC=CC=C(C)C=CC=C(C)CCC=C(C)CCC=C(C)C)C)C)C)C
9-cis-10'-Apo-beta-carotenal	CC1=C(C(CCC1)(C)C)C=CC(=CC=CC(=CC=CC=C(C)C=CC=O)C)C
9-cis-Epoxycarotenoid	
9-cis-Violaxanthin	CC(=CC=CC=C(C)C=CC=C(C)C=CC12C(CC(CC1(O2)C)O)(C)C)C=CC=C(C)C=CC34C(CC(CC3(O4)C)O)(C)C
9-cis-beta-Carotene	CC1=C(C(CCC1)(C)C)C=CC(=CC=CC(=CC=CC=C(C)C=CC=C(C)C=CC2=C(CCCC2(C)C)C)C)C
ADP-Glucose	C1=NC(=C2C(=N1)N(C=N2)C3C(C(C(O3)COP(=O)(O)OP(=O)(O)OC4C(C(C(C(O4)CO)O)O)O)O)O)N
ADP-ribose	C1=NC(=C2C(=N1)N(C=N2)C3C(C(C(O3)COP(=O)(O)OP(=O)(O)OCC4C(C(C(O4)O)O)O)O)O)N
Acetaldehyde	CC=O
Acetate	CC(=O)[O-]
Acetoacetate	CC(=O)CC(=O)[O-]
Acetoacetyl-CoA	CC(=O)CC(=O)SCCNC(=O)CCNC(=O)C(C(C)(C)COP(=O)(O)OP(=O)(O)OCC1C(C(C(O1)N2C=NC3=C(N=CN=C32)N)O)OP(=O)(O)O)O
Acetyl-[acyl-carrier protein]	CC(=O)S
Acrylamide	C=CC(=O)N
Acrylic acid	C=CC(=O)O
Acyl-CoA	
Acyl-[acyl-carrier protein]	
Adenine	C1=NC2=NC=NC(=C2N1)N
Adenosine	C1=NC(=C2C(=N1)N(C=N2)C3C(C(C(O3)CO)O)O)N
Adenosine 3',5'-bisphosphate	C1=NC(=C2C(=N1)N(C=N2)C3C(C(C(O3)COP(=O)(O)O)OP(=O)(O)O)O)N
Adenosine 5-diphosphate	C1=NC(=C2C(=N1)N(C=N2)C3C(C(C(O3)COP(=O)(O)OP(=O)(O)O)O)O)N
Adenosine 5-monophosphate	C1=NC(=C2C(=N1)N(C=N2)C3C(C(C(O3)COP(=O)(O)O)O)O)N
Adenosine 5-phosphosulfate	C1=NC(=C2C(=N1)N(C=N2)C3C(C(C(O3)COP(=O)(O)OS(=O)(=O)O)O)O)N
Adenosine 5-triphosphate	C1=NC(=C2C(=N1)N(C=N2)C3C(C(C(O3)COP(=O)(O)OP(=O)(O)OP(=O)(O)O)O)O)N
Adenosylhomocysteine	C1=NC(=C2C(=N1)N(C=N2)C3C(C(C(O3)CSCCC(C(=O)O)N)O)O)N
Adenylyl selenate	C1=NC(=C2C(=N1)N(C=N2)C3C(C(C(O3)COP(=O)(O)O[Se](=O)(=O)O)O)O)N
Adonixanthin	CC1=C(C(CC(C1)O)(C)C)C=CC(=CC=CC(=CC=CC=C(C)C=CC=C(C)C=CC2=C(C(=O)C(CC2(C)C)O)C)C)C
Aflatoxin B1-exo-8,9-epoxide	COC1=C2C3=C(C(=O)CC3)C(=O)OC2=C4C5C6C(O6)OC5OC4=C1
Aflatoxin B1exo-8,9-epoxide-GSH	COC1=C2C3=C(C(=O)CC3)C(=O)OC2=C4C5C(C(OC5OC4=C1)SCC(C(=O)NCC(=O)O)NC(=O)CCC(C(=O)O)N)O
Agmatine	C(CCN=C(N)N)CN
Aldophosphamide	C(COP(=O)(N)N(CCCl)CCCl)C=O
Allantoate	C(C(=O)[O-])(NC(=O)N)NC(=O)N
Aminofructose 6-phosphate	C(C1C(C(C(O1)(CO)O)N)O)OP(=O)(O)O
Ammonia	N
Anandamide	CCCCCC=CCC=CCC=CCC=CCCCC(=O)NCCO
Antheraxanthin	CC1=C(C(CC(C1)O)(C)C)C=CC(=CC=CC(=CC=CC=C(C)C=CC=C(C)C=CC23C(CC(CC2(O3)C)O)(C)C)C)C
Anthranilate	C1=CC=C(C(=C1)C(=O)[O-])N
Arachidonate	CCCCCC=CCC=CCC=CCC=CCCCC(=O)[O-]
Arogenate	C1=CC(C=CC1O)(CC(C(=O)O)N)C(=O)O
Ascorbate	C(C(C1C(=C(C(=O)O1)[O-])O)O)O
Aspartate	C(C(C(=O)O)N)C(=O)O
Aspartate 4-semialdehyde	
Aspartyl-4-phosphate	
Astaxanthin	CC1=C(C(CC(C1=O)O)(C)C)C=CC(=CC=CC(=CC=CC=C(C)C=CC=C(C)C=CC2=C(C(=O)C(CC2(C)C)O)C)C)C
Benzo[a]pyrene-4,5-oxide	C1=CC=C2C3=C4C(=CC2=C1)C5C(O5)C6=CC=CC(=C64)C=C3
Benzoyl-CoA	CC(C)(COP(=O)(O)OP(=O)(O)OCC1C(C(C(O1)N2C=NC3=C(N=CN=C32)N)O)OP(=O)(O)O)C(C(=O)NCCC(=O)NCCSC(=O)C4=CC=CC=C4)O
Betaine aldehyde	C[N+](C)(C)CC=O
Betaine aldehyde hydrate	C[N+](C)(C)CC(O)O
Bicarbonate	C(=O)(O)[O-]
Biliverdin	CC1=C(C(=CC2=C(C(=C(N2)C=C3C(=C(C(=O)N3)C)C=C)C)CCC(=O)O)NC1=CC4=NC(=O)C(=C4C)C=C)CCC(=O)O
Bromobenzene-2,3-oxide	C1=CC2C(O2)C(=C1)Br
Bromobenzene-3,4-oxide	C1=CC(=CC2C1O2)Br
Butanal	CCCC=O
C25-Allenic-apo-aldehyde	CC(=CC=CC=C(C)C=O)C=CC=C(C)C=C=C1C(CC(CC1(C)O)O)(C)C
C25-Epoxy-apo-aldehyde	CC(=CC=CC=C(C)C=O)C=CC=C(C)C=CC12C(CC(CC1(O2)C)O)(C)C
CDP	C1=CN(C(=O)N=C1N)C2C(C(C(O2)COP(=O)(O)OP(=O)(O)O)O)O
CDP-DG C34 backbone	
CO	[Co]
CO2, carbon dioxide	
Canthaxanthin	CC1=C(C(CCC1=O)(C)C)C=CC(=CC=CC(=CC=CC=C(C)C=CC=C(C)C=CC2=C(C(=O)CCC2(C)C)C)C)C
Carbamate	C(=O)(N)[O-]
Carbamoyl phosphate	C(=O)(N)OP(=O)(O)O
Carboxyphosphate	C(=O)(O)OP(=O)(O)O
Carboxyphosphonopyruvate	C(C(=O)C(=O)O)P(=O)(C(=O)O)O
Carlactone	CC1=C(C(CCC1)(C)C)C=CC(=COC2C=C(C(=O)O2)C)C
Catechol	C1=CC=C(C(=C1)O)O
Chloroacetyl chloride	C(C(=O)Cl)Cl
Chlorophyll backbone	
Chlorophyll-a chain	
Chlorophyll-b chain	
Chlorophyllide a	CCC1=C(C2=NC1=CC3=C(C4=C([N-]3)C(=C5C(C(C(=N5)C=C6C(=C(C(=C2)[N-]6)C=C)C)C)CCC(=O)O)C(C4=O)C(=O)OC)C)C.[Mg+2]
Chlorophyllide_b	
Choline	C[N+](C)(C)CCO
Chorismate	C=C(C(=O)O)OC1C=C(C=CC1O)C(=O)O
Cinnamaldehyde	C1=CC=C(C=C1)C=CC=O
Cinnamyl alcohol	C1=CC=C(C=C1)C=CCO
Citrate	C(C(=O)[O-])C(CC(=O)[O-])(C(=O)[O-])O
Coenzyme A	CC(C)(COP(=O)(O)OP(=O)(O)OCC1C(C(C(O1)N2C=NC3=C(N=CN=C32)N)O)OP(=O)(O)O)C(C(=O)NCCC(=O)NCCS)O
Coniferin	COC1=C(C=CC(=C1)C=CCO)OC2C(C(C(C(O2)CO)O)O)O
Coniferyl alcohol	COC1=C(C=CC(=C1)C=CCO)O
Coproporphyrinogen I	CC1=C2CC3=C(C(=C(N3)CC4=C(C(=C(N4)CC5=C(C(=C(N5)CC(=C1CCC(=O)O)N2)C)CCC(=O)O)C)CCC(=O)O)C)CCC(=O)O
Coproporphyrinogen_III	
Cyanate	C(=[N-])=O
Cyanidin	C1=CC(=C(C=C1C2=[O+]C3=CC(=CC(=C3C=C2O)O)O)O)O
Cyanidin 3-O-glucoside	C1=CC(=C(C=C1C2=[O+]C3=CC(=CC(=C3C=C2OC4C(C(C(C(O4)CO)O)O)O)O)O)O)O.[Cl-]
Cys-Gly	C(C(C(=O)NCC(=O)O)N)S
Cystathionine	C(CSCC(C(=O)O)N)C(C(=O)O)N
Cysteine	C(C(C(=O)O)N)S
Cytidine	C1=CN(C(=O)N=C1N)C2C(C(C(O2)CO)O)O
Cytidine 5-monophosphate	C1=C(C(=NC(=O)N1C2C(C(C(O2)CO)O)O)N)OP(=O)(O)O
Cytidine triphosphate	C1=CN(C(=O)N=C1N)C2C(C(C(O2)COP(=O)(O)OP(=O)(O)OP(=O)(O)O)O)O
D-Alanine	CC(C(=O)O)N
D-Alanyl-D-alanine	CC(C(=O)NC(C)C(=O)O)N
D-Amino acid	
D-Aspartate	C(C(C(=O)O)N)C(=O)O
D-Cysteine	C(C(C(=O)O)N)S
D-Erythrose 4-phosphate	C(C(C(C=O)O)O)OP(=O)(O)O
D-Fructose	C1C(C(C(C(O1)(CO)O)O)O)O
D-Fructose 1-phosphate	C(C(C(C(C(=O)COP(=O)(O)O)O)O)O)O
D-Fructose 6-phosphate	C(C1C(C(C(O1)(CO)O)O)O)OP(=O)(O)O
D-Galacturonate	C1(C(C(OC(C1O)O)C(=O)O)O)O
D-Gluconic acid	C(C(C(C(C(C(=O)O)O)O)O)O)O
D-Glucono-1,5-lactone	C(C1C(C(C(C(=O)O1)O)O)O)O
D-Glucosamine 6-phosphate	C(C1C(C(C(C(O1)O)N)O)O)OP(=O)(O)O
D-Glucose 6-phosphate	C(C(C(C(C(C=O)O)O)O)O)OP(=O)(O)O
D-Glucuronate	C1(C(C(OC(C1O)O)C(=O)O)O)O
D-Glucuronate 1-phosphate	C1(C(C(OC(C1O)OP(=O)(O)O)C(=O)O)O)O
D-Glutamate	C(CC(=O)O)C(C(=O)O)N
D-Glyceraldehyde	C(C(C=O)O)O
D-Mannitol 1-phosphate	C(C(C(C(C(COP(=O)(O)O)O)O)O)O)O
D-Mannose 1-phosphate	C(C1C(C(C(C(O1)OP(=O)(O)O)O)O)O)O
D-Mannose 6-phosphate	C(C1C(C(C(C(O1)O)O)O)O)OP(=O)(O)O
D-Ribose	C1C(C(C(C(O1)O)O)O)O
D-Ribose 1,5-bisphosphate	C(C1C(C(C(O1)OP(=O)(O)O)O)O)OP(=O)(O)O
D-Ribose 5-phosphate	C(C1C(C(C(O1)O)O)O)OP(=O)(O)O
D-Ribulose 5-phosphate	C(C(C(C(=O)CO)O)O)OP(=O)(O)O
D-Sorbitol	C(C(C(C(C(CO)O)O)O)O)O
D-Tagatose 1,6-bisphosphate	C(C1C(C(C(O1)(COP(=O)(O)O)O)O)O)OP(=O)(O)O
D-Tagatose 6-phosphate	C(C1C(C(C(O1)(CO)O)O)O)OP(=O)(O)O
D-Xylulose 5-phosphate	C(C(C(C(=O)CO)O)O)OP(=O)(O)O
D-erythro-1-(Imidazol-4-yl)glycerol 3-phosphate	C1=C(NC=N1)C(C(COP(=O)(O)O)O)O
D-erythro-3-Methylmalate	CC(C(C(=O)O)O)C(=O)O
D-glycerate	C(C(C(=O)[O-])O)O
DG backbone	
DGDG C32 backbone	
DGDG C34 backbone	
DGDG C36 backbone	
DGDG backbone	
Deamino-NAD+	C1=CC(=C[N+](=C1)C2C(C(C(O2)COP(=O)(O)OP(=O)(O)OCC3C(C(C(O3)N4C=NC5=C(N=CN=C54)N)O)O)O)O)C(=O)O
Dehydroascorbate	C(C(C1C(=O)C(=O)C(=O)O1)O)O
Demethylphylloquinol	CC(C)CCCC(C)CCCC(C)CCCC(=CCC1=C(C2=CC=CC=C2C(=C1)O)O)C
Deoxycytidine	C1C(C(OC1N2C=CC(=NC2=O)N)CO)O
Deoxyribose	C1C(C(OC1O)CO)O
Deoxyuridine	C1C(C(OC1N2C=CC(=O)NC2=O)CO)O
Dephospho-CoA	CC(C)(COP(=O)(O)OP(=O)(O)OCC1C(C(C(O1)N2C=NC3=C(N=CN=C32)N)O)O)C(C(=O)NCCC(=O)NCCS)O
Dethiobiotin	CC1C(NC(=O)N1)CCCCCC(=O)O
Diaminopimelate	C(CC(C(=O)[O-])N)CC(C(=O)[O-])N
Dihydrobiopterin	CC(C(C1=NC2=C(NC1)N=C(NC2=O)N)O)O
Dihydrofolate	C1C(=NC2=C(N1)N=C(NC2=O)N)CNC3=CC=C(C=C3)C(=O)NC(CCC(=O)O)C(=O)O
Dihydrogeranylgeranyl diphosphate	CC(CCCC(=CCOP(=O)(O)OP(=O)(O)O)C)CCC=C(C)CCC=C(C)C
Dihydroneopterin phosphate	C1C(=NC2=C(N1)N=C(NC2=O)N)C(C(COP(=O)(O)O)O)O
Dihydropteroate	C1C(=NC2=C(N1)N=C(NC2=O)N)CNC3=CC=C(C=C3)C(=O)O
Dihydroxyacetone phosphate	C(C(=O)COP(=O)(O)O)O
Dimethylallyl_diphosphate	
Diphosphate, Pyrophosphate	
Dithiothreitol	C(C(C(CS)O)O)S
Divinyl chlorophyllide a	CC1C(C2=C3C(C(=O)C4=C3[N-]C(=C4C)C=C5C(=C(C(=N5)C=C6C(=C(C(=CC1=N2)[N-]6)C)C=C)C)C=C)C(=O)OC)CCC(=O)O.[Mg+2]
Divinylprotochlorophyllide	
Dodecanoic acid	CCCCCCCCCCCC(=O)O
Echinenone	CC1=C(C(CCC1)(C)C)C=CC(=CC=CC(=CC=CC=C(C)C=CC=C(C)C=CC2=C(C(=O)CCC2(C)C)C)C)C
Enzyme N6-(lipoyl)lysine	
Epoxypheophorbide a	CCC1=C2C=C3C(=C4C(=O)C(C(=C4N3)C5=NC(=CC6=NC7(C(O7)C(=C1C)N2)C(=C6C)C=C)C(C5CCC(=O)O)C)C(=O)OC)C
Erythrose 4-phosphate	C(C(C(C=O)O)O)OP(=O)(O)O
Estradiol-17beta	CC12CCC3C(C1CCC2O)CCC4=C3C=CC(=C4)O
Estrone	CC12CCC3C(C1CCC2=O)CCC4=C3C=CC(=C4)O
Ethanolamine	C(CO)N
Ethanolamine phosphate	C(COP(=O)(O)O)N
FA 16:0 chain	
FA 16:1(7Z) chain	
FA 16:2(7Z,10Z) chain	
FA 16:3(7Z,10Z,13Z) chain	
FA 18:0 chain	
FA 18:1(9Z) chain	
FA 18:2(9Z,12Z) chain	
FA 18:3(9Z,12Z,15Z) chain	
FAD; Flavin adenine dinucleotide	
FMN; Riboflavin-5-phosphate	
Fe2+	[Fe+2]
Fe3+	[Fe+3]
Fecosterol	CC(C)C(=C)CCC(C)C1CCC2C1(CCC3=C2CCC4C3(CCC(C4)O)C)C
Formate	C(=O)[O-]
Formyl-CoA	CC(C)(COP(=O)(O)OP(=O)(O)OCC1C(C(C(O1)N2C=NC3=C(N=CN=C32)N)O)OP(=O)(O)O)C(C(=O)NCCC(=O)NCCSC=O)O
Formyl-L-methionyl peptide	
Fructose 1,6-bisphosphate	C(C1C(C(C(O1)COP(=O)(O)O)O)O)OP(=O)(O)O
Fumarate	C(=CC(=O)[O-])C(=O)[O-]
GDP-4-dehydro-6-deoxy-D-mannose	CC1C(=O)C(C(C(O1)OP(=O)(O)OP(=O)(O)OCC2C(C(C(O2)N3C=NC4=C3N=C(NC4=O)N)O)O)O)O
GDP-L-fucose	CC1C(C(C(C(O1)OP(=O)(O)OP(=O)(O)OCC2C(C(C(O2)N3C=NC4=C3N=C(NC4=O)N)O)O)O)O)O
GDP-L-galactose	C1=NC2=C(N1C3C(C(C(O3)COP(=O)(O)OP(=O)(O)OC4C(C(C(C(O4)CO)O)O)O)O)O)N=C(NC2=O)N
GDP-mannose	C1=NC2=C(N1C3C(C(C(O3)COP(=O)(O)OP(=O)(O)OC4C(C(C(C(O4)CO)O)O)O)O)O)N=C(NC2=O)N
GMP	C1=NC2=C(N1C3C(C(C(O3)COP(=O)(O)O)O)O)N=C(NC2=O)N
Geranyl_diphosphate	
Geranylgeranyl_diphosphate	
Gla protein	
Gla protein precursor	
Glucono-delta-lactone-6-phosphate	
Glucose	C(C1C(C(C(C(O1)O)O)O)O)O
Glucose 1-phosphate	C(C1C(C(C(C(O1)OP(=O)(O)O)O)O)O)O
Glutamate	C(CC(=O)O)C(C(=O)O)N
Glutamine	C(CC(=O)N)C(C(=O)O)N
Glutaminyl-tRNA	
Glutaredoxin	
Glutaredoxin disulfide	
Glutaryl-CoA	CC(C)(COP(=O)(O)OP(=O)(O)OCC1C(C(C(O1)N2C=NC3=C(N=CN=C32)N)O)OP(=O)(O)O)C(C(=O)NCCC(=O)NCCSC(=O)CCCC(=O)O)O
Glutathione	C(CC(=O)NC(CS)C(=O)NCC(=O)O)C(C(=O)O)N
Glutathione disulfide	C(CC(=O)NC(CSSCC(C(=O)NCC(=O)O)NC(=O)CCC(C(=O)O)N)C(=O)NCC(=O)O)C(C(=O)O)N
Glutathione episulfonium ion	C1C[S+]1CC(C(=O)NCC(=O)O)NC(=O)CCC(C(=O)O)N
Glyceraldehyde 3-phosphate	C(C(C=O)O)OP(=O)(O)O
Glycerate	C(C(C(=O)[O-])O)O
Glycerol	C(C(CO)O)O
Glycine	C(C(=O)O)N
Glycolaldehyde	C(C=O)O
Glycolate	C(C(=O)O)O
Glycyl-tRNA(Gly)	
Glyoxylate	C(=O)C(=O)O
Guanine	C1=NC2=C(N1)C(=O)NC(=N2)N
Guanosine	C1=NC2=C(N1C3C(C(C(O3)CO)O)O)N=C(NC2=O)N
Guanosine 3'-diphosphate 5'-triphosphate	C1=NC2=C(N1C3C(C(C(O3)COP(=O)(O)OP(=O)(O)OP(=O)(O)O)OP(=O)(O)OP(=O)(O)O)O)N=C(NC2=O)N
Guanosine diphosphate	C1=NC2=C(N1C3C(C(C(O3)COP(=O)(O)OP(=O)(O)O)O)O)N=C(NC2=O)N
Guanosine triphosphate	C1=NC2=C(N1C3C(C(C(O3)COP(=O)(O)OP(=O)(O)OP(=O)(O)O)O)O)N=C(NC2=O)N
H+, proton	
H2O, water	
Heme	CC1=C(C2=CC3=C(C(=C([N-]3)C=C4C(=C(C(=N4)C=C5C(=C(C(=N5)C=C1[N-]2)C)C=C)C)C=C)C)CCC(=O)O)CCC(=O)O.[Fe+2]
Heme O	CC1=C(C2=CC3=NC(=CC4=C(C(=C([N-]4)C=C5C(=C(C(=N5)C=C1[N-]2)C=C)C)C(CCC=C(C)CCC=C(C)CCC=C(C)C)O)C)C(=C3CCC(=O)O)C)CCC(=O)O.[Fe+2]
Hexadecanal	CCCCCCCCCCCCCCCC=O
Hexadecenoyl-[acyl-carrier protein]	
Histamine	C1=C(NC=N1)CCN
Homocysteine	C(CS)C(C(=O)O)N
Homogentisate	C1=CC(=C(C=C1O)CC(=O)O)O
Homoserine	C(CO)C(C(=O)O)N
Hordenine	CN(C)CCC1=CC=C(C=C1)O
Hydrobromic acid	Br
Hydrochloric acid	Cl
Hydrogen cyanide	C#N
Hydrogen peroxide	OO
Hydrogen selenide	[SeH2]
Hydrosulfide	[SH-]
Hydroxyacetone	CC(=O)CO
Hydroxymethylbilane	C1=C(C(=C(N1)CC2=C(C(=C(N2)CC3=C(C(=C(N3)CC4=C(C(=C(N4)CO)CC(=O)O)CCC(=O)O)CC(=O)O)CCC(=O)O)CC(=O)O)CCC(=O)O)CC(=O)O)CCC(=O)O
Hydroxypyruvate	C(C(=O)C(=O)O)O
Hypoxanthine	C1=NC2=C(N1)C(=O)NC=N2
IDP	C1=NC2=C(C(=O)N1)N=CN2C3C(C(C(O3)COP(=O)(O)OP(=O)(O)O)O)O
ITP	C1=NC2=C(C(=O)N1)N=CN2C3C(C(C(O3)COP(=O)(O)OP(=O)(O)OP(=O)(O)O)O)O
Iminoerythrose 4-phosphate	C(C(C(C=N)O)O)OP(=O)(O)O
Indole	C1=CC=C2C(=C1)C=CN2
Indole-3-acetate	C1=CC=C2C(=C1)C(=CN2)CC(=O)[O-]
Indoleglycerol phosphate	C1=CC=C2C(=C1)C(=CN2)C(C(COP(=O)(O)O)O)O
Inosine	C1=NC2=C(C(=O)N1)N=CN2C3C(C(C(O3)CO)O)O
Inosine 5-Monophosphate	
Inositol 1-phosphate	C1(C(C(C(C(C1O)O)OP(=O)(O)O)O)O)O
Isochorismate	C=C(C(=O)[O-])OC1C=CC=C(C1O)C(=O)[O-]
Isocitrate	C(C(C(C(=O)O)O)C(=O)O)C(=O)O
Isoprene	CC(=C)C=C
Kanamycin B	C1C(C(C(C(C1N)OC2C(C(C(C(O2)CO)O)N)O)O)OC3C(C(C(C(O3)CN)O)O)N)N
L-3,4-Dihydroxybutan-2-one 4-phosphate	CC(=O)C(COP(=O)(O)O)O
L-Alanine	CC(C(=O)O)N
L-Alanyl-D-glutamate	CC(C(=O)NC(CCC(=O)O)C(=O)O)N
L-Alanyl-L-glutamate	CC(C(=O)NC(CCC(=O)O)C(=O)O)N
L-Alanyl-tRNA	
L-Amino acid	
L-Arginine	C(CC(C(=O)O)N)CN=C(N)N
L-Arginyl-tRNA(Arg)	
L-Asparagine	C(C(C(=O)O)N)C(=O)N
L-Asparaginyl-tRNA(Asn)	
L-Aspartyl-tRNA(Asp)	
L-Citrulline	C(CC(C(=O)O)N)CNC(=O)N
L-Cysteate	C(C(C(=O)[O-])N)S(=O)(=O)O
L-Cysteinyl-tRNA(Cys)	
L-Fucose	CC1C(C(C(C(O1)O)O)O)O
L-Fucose 1-phosphate	CC1C(C(C(C(O1)OP(=O)(O)O)O)O)O
L-Glutamyl-tRNA(Glu)	
L-Histidine	C1=C(NC=N1)CC(C(=O)O)N
L-Histidinol phosphate	C1=C(NC=N1)CC(COP(=O)(O)O)N
L-Histidyl-tRNA(His)	
L-Isoleucine	CCC(C)C(C(=O)O)N
L-Isoleucyl-tRNA(Ile)	
L-Leucine	CC(C)CC(C(=O)O)N
L-Leucyl-tRNA	
L-Lysyl-tRNA	
L-Methionine	CSCCC(C(=O)O)N
L-Methionine (S)-S-oxide	CS(=O)CCC(C(=O)O)N
L-Methionyl-tRNA	
L-Ornithine	C(CC(C(=O)O)N)CN
L-Phenylalanyl-tRNA(Phe)	
L-Proline	C1CC(NC1)C(=O)O
L-Prolyl-tRNA(Pro)	
L-Selenocysteine	C(C(C(=O)O)N)[SeH]
L-Selenomethionine	C[Se]CCC(C(=O)O)N
L-Seryl-tRNA(Ser)	
L-Threonine	CC(C(C(=O)O)N)O
L-Threonyl-tRNA(Thr)	
L-Tryptophan	C1=CC=C2C(=C1)C(=CN2)CC(C(=O)O)N
L-Tryptophanyl-tRNA(Trp)	
L-Tyrosine	C1=CC(=CC=C1CC(C(=O)O)N)O
L-Tyrosyl-tRNA(Tyr)	
L-Valine	CC(C)C(C(=O)O)N
L-Valyl-tRNA(Val)	
L-erythro-4-Hydroxyglutamate	C(C(C(=O)O)N)C(C(=O)O)O
L-glutamic	
L-histidinol	C1=C(NC=N1)CC(CO)N
LPA backbone	
Lathosterol	CC(C)CCCC(C)C1CCC2C1(CCC3C2=CCC4C3(CCC(C4)O)C)C
Lipid	
Lipid backbone	
Lipid chain	
Lutein	CC1=C(C(CC(C1)O)(C)C)C=CC(=CC=CC(=CC=CC=C(C)C=CC=C(C)C=CC2C(=CC(CC2(C)C)O)C)C)C
Lycopene	CC(=CCCC(=CC=CC(=CC=CC(=CC=CC=C(C)C=CC=C(C)C=CC=C(C)CCC=C(C)C)C)C)C)C
Lysine	C(CCN)CC(C(=O)O)N
MGDG C32 backbone	
MGDG C34 backbone	
MGDG C36 backbone	
MGDG backbone	
MGMG backbone	
Magnesium_cation	
Magnesium_protoporphyrin	
Magnesium_protoporphyrin_monomethyl_ester	
Malate	C(C(C(=O)O)O)C(=O)O
Malonyl-acyl-carrier-protein	
Maltose	C(C1C(C(C(C(O1)OC2C(OC(C(C2O)O)O)CO)O)O)O)O
Mercaptopyruvate	C(C(=O)C(=O)O)S
Methaneselenol	C[SeH]
Methionyl peptide	
Methyl beta-D-galactoside	COC1C(C(C(C(O1)CO)O)O)O
Methyl-2-alpha-L-fucopyranosyl-beta-D-galactoside	CC1C(C(C(C(O1)OC2C(C(C(OC2OC)CO)O)O)O)O)O
Methylglyoxal	CC(=O)C=O
Methylselenic acid	C[Se](=O)O
Monodehydroascorbate	C(C(C1C(=O)C(=C(O1)[O])O)O)O
N(omega)-Hydroxyarginine	C(CC(C(=O)O)N)CN=C(N)NO
N(pi)-Methyl-L-histidine	CN1C=NC=C1CC(C(=O)O)N
N,N-Dimethylaniline	CN(C)C1=CC=CC=C1
N,N-Dimethylaniline N-oxide	C[N+](C)(C1=CC=CC=C1)[O-]
N-(5'-Phospho-D-1'-ribulosylformimino)-5-amino-1-(5''-phospho-D-ribosyl)-4-imidazolecarboxamide	C1=NC(=C(N1C2C(C(C(O2)COP(=O)(O)O)O)O)NC=NCC(=O)C(C(COP(=O)(O)O)O)O)C(=O)N
N-(5-Phospho-D-ribosyl)anthranilate	C1=CC=C(C(=C1)C(=O)O)NC2C(C(C(O2)COP(=O)(O)O)O)O
N-(L-Arginino)succinate	C(CC(C(=O)O)N)CN=C(N)NC(CC(=O)O)C(=O)O
N-Acetyl-D-glucosamine 6-phosphate	CC(=O)NC1C(C(C(OC1O)COP(=O)(O)O)O)O
N-Acetyl-L-glutamate	CC(=O)NC(CCC(=O)O)C(=O)O
N-Acetyl-L-glutamate 5-phosphate	CC(=O)NC(CCC(=O)OP(=O)(O)O)C(=O)O
N-Acetyl-L-glutamate 5-semialdehyde	CC(=O)NC(CCC=O)C(=O)O
N-Acetyl-alpha-D-glucosamine 1-phosphate	CC(=O)NC1C(C(C(OC1OP(=O)(O)O)CO)O)O
N-Acetylornithine	CC(=O)NC(CCCN)C(=O)O
N-Acetylserotonin	CC(=O)NCCC1=CNC2=C1C=C(C=C2)O
N-Benzoylanthranilate	C1=CC=C(C=C1)C(=O)NC2=CC=CC=C2C(=O)[O-]
N-Carbamoyl-L-aspartate	C(C(C(=O)O)NC(=O)N)C(=O)O
N-Methyltyramine	CNCCC1=CC=C(C=C1)O
N1,N5,N10-Tri(hydroxyferuloyl) spermidine	COC1=CC(=CC(=C1O)O)C=CC(=O)NCCCCN(CCCNC(=O)C=CC2=CC(=C(C(=C2)OC)O)O)C(=O)C=CC3=CC(=C(C(=C3)OC)O)O
N1,N5-Di(hydroxyferuloyl)-N10-sinapoyl spermidine	COC1=CC(=CC(=C1O)O)C=CC(=O)NCCCN(CCCCNC(=O)C=CC2=CC(=C(C(=C2)OC)O)OC)C(=O)C=CC3=CC(=C(C(=C3)OC)O)O
N6'-Acetylkanamycin-B	CC(=O)NCC1C(C(C(C(O1)OC2C(CC(C(C2O)OC3C(C(C(C(O3)CO)O)N)O)N)N)N)O)O
N6-Prenyladenosine 5'-diphosphate	CC(=CCNC1=C2C(=NC=N1)N(C=N2)C3C(C(C(O3)COP(=O)(O)OP(=O)(O)O)O)O)C
N6-Prenyladenosine 5'-phosphate	CC(=CCNC1=C2C(=NC=N1)N(C=N2)C3C(C(C(O3)COP(=O)(O)O)O)O)C
N6-Prenyladenosine 5'-triphosphate	CC(=CCNC1=C2C(=NC=N1)N(C=N2)C3C(C(C(O3)COP(=O)(O)OP(=O)(O)OP(=O)(O)O)O)O)C
NDP	C1=CC=C2C(=CC=C(C2=C1)CCC(=O)[O-])CCC(=O)[O-].[Na+].[Na+]
NDP-glucose	
Nicotinamide	C1=CC(=CN=C1)C(=O)N
Nicotinamide D-ribonucleotide	C1=CC(=C[N+](=C1)C2C(C(C(O2)COP(=O)(O)[O-])O)O)C(=O)N
Nicotinamide adenine dinucleotide	C1=CC(=C[N+](=C1)C2C(C(C(O2)COP(=O)([O-])OP(=O)(O)OCC3C(C(C(O3)N4C=NC5=C(N=CN=C54)N)O)O)O)O)C(=O)N
Nicotinamide adenine dinucleotide - reduced	
Nicotinamide adenine dinucleotide phosphate	C1=CC(=C[N+](=C1)C2C(C(C(O2)COP(=O)([O-])OP(=O)([O-])OCC3C(C(C(O3)N4C=NC5=C(N=CN=C54)N)OP(=O)([O-])[O-])O)O)O)C(=O)N
Nicotinamide adenine dinucleotide phosphate - reduced	C1C=CN(C=C1C(=O)N)C2C(C(C(O2)COP(=O)(O)OP(=O)(O)OCC3C(C(C(O3)N4C=NC5=C(N=CN=C54)N)OP(=O)(O)O)O)O)O
Nicotinate	C1=CC(=CN=C1)C(=O)[O-]
Nicotinic acid ribonucleotide	C1=CC(=C[N+](=C1)C2C(C(C(O2)COP(=O)(O)O)O)O)C(=O)[O-]
Nitric oxide	[N]=O
Nitrite	N(=O)[O-]
Nucleoside triphosphate	
O-Acetyl-ADP-ribose	CC(=O)OC1C(C(OC1O)COP(=O)(O)OP(=O)(O)OCC2C(C(C(O2)N3C=NC4=C(N=CN=C43)N)O)O)O
O-Acetyl-L-serine	CC(=O)OCC(C(=O)O)N
O-Phospho-4-hydroxy-L-threonine	C(C(C(C(=O)O)N)O)OP(=O)(O)O
O-Phosphohomoserine	C(COP(=O)(O)O)C(C(=O)O)N
O-Phosphoserine	C(C(C(=O)O)N)OP(=O)(O)O
O-Succinyl-L-homoserine	C(COC(=O)CCC(=O)O)C(C(=O)O)N
O2, oxygen	
Orotate	C1=C(NC(=O)NC1=O)C(=O)[O-]
Orotidine 5'-phosphate	C1=C(N(C(=O)NC1=O)C2C(C(C(O2)COP(=O)(O)O)O)O)C(=O)O
Orthophosphate	[O-]P(=O)([O-])[O-]
Oxaloacetate	C(C(=O)C(=O)O)C(=O)O
Oxalyl-CoA	CC(C)(COP(=O)(O)OP(=O)(O)OCC1C(C(C(O1)N2C=NC3=C(N=CN=C32)N)O)OP(=O)(O)O)C(C(=O)NCCC(=O)NCCSC(=O)C(=O)O)O
Oxidized dithiothreitol	
Oxidized ferredoxin	
Oxidized plastocyanin	
PA backbone	
PC backbone	
PG backbone	
PGP backbone	
Palmitoylglycerone phosphate	CCCCCCCCCCCCCCCC(=O)OCC(=O)COP(=O)(O)O
Pantetheine 4'-phosphate	CC(C)(COP(=O)(O)O)C(C(=O)NCCC(=O)NCCS)O
Pantothenate	CC(C)(CO)C(C(=O)NCCC(=O)[O-])O
Peptidylproline (omega=0)	
Peptidylproline (omega=180)	
Phenol	C1=CC=C(C=C1)O
Phenylacetaldehyde	C1=CC=C(C=C1)CC=O
Phenylalanine	C1=CC=C(C=C1)CC(C(=O)O)N
Phenylethyl alcohol	C1=CC=C(C=C1)CCO
Phenylpyruvate	C1=CC=C(C=C1)CC(=O)C(=O)O
Pheophorbide a	CCC1=C(C2=NC1=CC3=C(C4=C(C(C(=C5C(C(C(=CC6=NC(=C2)C(=C6C)C=C)N5)C)CCC(=O)O)C4=N3)C(=O)OC)O)C)C
Phloretin	C1=CC(=CC=C1CCC(=O)C2=C(C=C(C=C2O)O)O)O
Phlorizin	C1=CC(=CC=C1CCC(=O)C2=C(C=C(C=C2OC3C(C(C(C(O3)CO)O)O)O)O)O)O
Phoenicoxanthin	CC1=C(C(CCC1=O)(C)C)C=CC(=CC=CC(=CC=CC=C(C)C=CC=C(C)C=CC2=C(C(=O)C(CC2(C)C)O)C)C)C
Phosphoenolpyruvate	C=C(C(=O)O)OP(=O)(O)O
Phosphoribosyl-AMP	C1=NC2=C(N1C3C(C(C(O3)COP(=O)(O)O)O)O)N=CN(C2=N)C4C(C(C(O4)COP(=O)(O)O)O)O
Photon	
Phylloquinol	CC1=C(C2=CC=CC=C2C(=C1CC=C(C)CCCC(C)CCCC(C)CCCC(C)C)O)O
Phylloquinone	CC1=C(C(=O)C2=CC=CC=C2C1=O)CC=C(C)CCCC(C)CCCC(C)CCCC(C)C
Phytyl chain	
Pigments	
Pimeloyl-CoA	CC(C)(COP(=O)(O)OP(=O)(O)OCC1C(C(C(O1)N2C=NC3=C(N=CN=C32)N)O)OP(=O)(O)O)C(C(=O)NCCC(=O)NCCSC(=O)CCCCCC(=O)O)O
Plastoquinol-9	CC1=C(C=C(C(=C1C)O)CC=C(C)CCC=C(C)CCC=C(C)CCC=C(C)CCC=C(C)CCC=C(C)CCC=C(C)CCC=C(C)CCC=C(C)C)O
Plastoquinone-9	CC1=C(C(=O)C(=CC1=O)CC=C(C)CCC=C(C)CCC=C(C)CCC=C(C)CCC=C(C)CCC=C(C)CCC=C(C)CCC=C(C)CCC=C(C)C)C
Porphobilinogen	C1=C(C(=C(N1)CN)CC(=O)O)CCC(=O)O
Prephenate	C1=CC(C=CC1O)(CC(=O)C(=O)O)C(=O)O
Prephytoene diphosphate	CC(=CCCC(=CCCC(=CCCC(=CC1C(C1(C)CCC=C(C)CCC=C(C)CCC=C(C)C)COP(=O)(O)OP(=O)(O)O)C)C)C)C
Propanoyl-CoA	CCC(=O)SCCNC(=O)CCNC(=O)C(C(C)(C)COP(=O)(O)OP(=O)(O)OCC1C(C(C(O1)N2C=NC3=C(N=CN=C32)N)O)OP(=O)(O)O)O
Prostaglandin E2	CCCCCC(C=CC1C(CC(=O)C1CC=CCCCC(=O)O)O)O
Prostaglandin H2	CCCCCC(C=CC1C2CC(C1CC=CCCCC(=O)O)OO2)O
Proteins	
Protochlorophyllide	CCC1=C(C2=NC1=CC3=C(C4=C([N-]3)C(=C5C(=C(C(=N5)C=C6C(=C(C(=C2)[N-]6)C=C)C)C)CCC(=O)O)C(C4=O)C(=O)OC)C)C.[Mg+2]
Protoporphyrin	CC1=C(C2=CC3=NC(=CC4=NC(=CC5=C(C(=C(N5)C=C1N2)C=C)C)C(=C4CCC(=O)O)C)C(=C3C)CCC(=O)O)C=C
Protoporphyrinogen_IX	
Pseudouridine	C1=C(C(=O)NC(=O)N1)C2C(C(C(O2)CO)O)O
Pseudouridine 5'-phosphate	C1=C(C(=O)NC(=O)N1)C2C(C(C(O2)COP(=O)(O)O)O)O
Pyridoxal	CC1=NC=C(C(=C1O)C=O)CO
Pyridoxal phosphate	CC1=NC=C(C(=C1O)C=O)COP(=O)(O)O
Pyridoxamine phosphate	CC1=NC=C(C(=C1O)CN)COP(=O)(O)O
Pyridoxine	CC1=NC=C(C(=C1O)CO)CO
Pyridoxine phosphate	CC1=NC=C(C(=C1O)CO)COP(=O)(O)O
Pyruvate	CC(=O)C(=O)[O-]
ROH	
ROOH	
Raffinose	C(C1C(C(C(C(O1)OCC2C(C(C(C(O2)OC3(C(C(C(O3)CO)O)O)CO)O)O)O)O)O)O)O
Red chlorophyll catabolite	CCC1=C(NC(=C1C)C=O)CC2=C(C3=C(N2)C(=C4C(C(C(=N4)C=C5C(=C(C(=O)N5)C=C)C)C)CCC(=O)O)C(C3=O)C(=O)OC)C
Reduced FMN	CC1=CC2=C(C=C1C)N(C3=C(N2)C(=O)NC(=O)N3)CC(C(C(COP(=O)(O)O)O)O)O
Reduced ferredoxin	
Reduced plastocyanin	
Riboflavin	CC1=CC2=C(C=C1C)N(C3=NC(=O)NC(=O)C3=N2)CC(C(C(CO)O)O)O
Ribulose 1,5-bisphosphate	C(C(C(C(=O)COP(=O)(O)O)O)O)OP(=O)(O)O
Ribulose 5-phosphate	C(C(C(C(=O)CO)O)O)OP(=O)(O)O
S-(1,2-Dichlorovinyl)glutathione	C(CC(=O)NC(CSC(=CCl)Cl)C(=O)NCC(=O)O)C(C(=O)O)N
S-(2,2-Dichloro-1-hydroxy)ethyl glutathione	C(CC(=O)NC(CSC(C(Cl)Cl)O)C(=O)NCC(=O)O)C(C(=O)O)N
S-(2-Chloroacetyl)glutathione	C(CC(=O)NC(CSC(=O)CCl)C(=O)NCC(=O)O)C(C(=O)O)N
S-(Formylmethyl)glutathione	C(CC(=O)NC(CSCC=O)C(=O)NCC(=O)O)C(C(=O)O)N
S-4-Amino-5-oxopentanoate	
S-Adenosyl-4-methylthio-2-oxobutanoate	C[S+](CCC(=O)C(=O)O)CC1C(C(C(O1)N2C=NC3=C(N=CN=C32)N)O)O
S-Adenosylmethionine	C[S+](CCC(C(=O)[O-])N)CC1C(C(C(O1)N2C=NC3=C(N=CN=C32)N)O)O
S-Methyl-5-thio-D-ribose 1-phosphate	CSCC1C(C(C(O1)OP(=O)(O)O)O)O
S-Methyl-5-thio-D-ribulose 1-phosphate	CSCC(C(C(=O)COP(=O)(O)O)O)O
S-Sulfanylglutathione	C(CC(=O)NC(CSS)C(=O)NCC(=O)O)C(C(=O)O)N
S-Sulfinatoglutathione	C(CC(=O)NC(CSS(=O)[O-])C(=O)NCC(=O)[O-])C(C(=O)[O-])[NH3+]
S-Sulfo-L-cysteine	C(C(C(=O)O)N)SS(=O)(=O)O
SQDG backbone	
Salicin	C1=CC=C(C(=C1)CO)OC2C(C(C(C(O2)CO)O)O)O
Salicyl alcohol	C1=CC=C(C(=C1)CO)O
Scopoletin	COC1=C(C=C2C(=C1)C=CC(=O)O2)O
Scopolin	COC1=C(C=C2C(=C1)C=CC(=O)O2)OC3C(C(C(C(O3)CO)O)O)O
Secondary metabolites and precursors prod. in chloroplast	
Sedoheptulose 1,7-bisphosphate	C(C(C(C(C(C(=O)COP(=O)(O)O)O)O)O)O)OP(=O)(O)O
Sedoheptulose 7-phosphate	C(C(C(C(C(C(=O)CO)O)O)O)O)OP(=O)(O)O
Selenate	[O-][Se](=O)(=O)[O-]
Selenite	[O-][Se](=O)[O-]
Selenohomocysteine	
Serine	C(C(C(=O)O)N)O
Serotonin	C1=CC2=C(C=C1O)C(=CN2)CCN
Shikimate	C1C(C(C(C=C1C(=O)[O-])O)O)O
Shikimate 3-phosphate	C1C(C(C(C=C1C(=O)O)OP(=O)(O)O)O)O
Sinapate	COC1=CC(=CC(=C1O)OC)C=CC(=O)O
Sinapine	C[N+](C)(C)CCOC(=O)C=CC1=CC(=C(C(=C1)OC)O)OC
Siroheme	CC1(C(C2=NC1=CC3=NC(=CC4=C(C(=C([N-]4)C=C5C(=C(C(=C2)[N-]5)CC(=O)O)CCC(=O)O)CCC(=O)O)CC(=O)O)C(C3CCC(=O)O)(C)CC(=O)O)CCC(=O)O)CC(=O)O.[Fe+2]
Sirohydrochlorin	CC1(C(C2=NC1=CC3=NC(=CC4=C(C(=C(N4)C=C5C(=C(C(=C2)N5)CC(=O)O)CCC(=O)O)CCC(=O)O)CC(=O)O)C(C3CCC(=O)O)(C)CC(=O)O)CCC(=O)O)CC(=O)O
Sphinganine	CCCCCCCCCCCCCCCC(C(CO)N)O
Sphinganine 1-phosphate	CCCCCCCCCCCCCCCC(C(COP(=O)(O)O)N)O
Stachyose	C(C1C(C(C(C(O1)OCC2C(C(C(C(O2)OCC3C(C(C(C(O3)OC4(C(C(C(O4)CO)O)O)CO)O)O)O)O)O)O)O)O)O)O
Starch, X+1 glucose units	
Starch, X+2 glucose units	
Starch, X+3 glucose units	
Starch, X+5 glucose units	
Strigol	CC1=CC(OC1=O)OC=C2C3CC4=C(C3OC2=O)C(CCC4O)(C)C
Suc[c]	
Succinate	C(CC(=O)[O-])C(=O)[O-]
Succinate semialdehyde	C(CC(=O)O)C=O
Succinyl-CoA	CC(C)(COP(=O)(O)OP(=O)(O)OCC1C(C(C(O1)N2C=NC3=C(N=CN=C32)N)O)OP(=O)(O)O)C(C(=O)NCCC(=O)NCCSC(=O)CCC(=O)O)O
Sucrose	C(C1C(C(C(C(O1)OC2(C(C(C(O2)CO)O)O)CO)O)O)O)O
Sucrose 6'-phosphate	C(C1C(C(C(C(O1)OC2(C(C(C(O2)COP(=O)(O)O)O)O)CO)O)O)O)O
Sucrose 6-phosphate	C(C1C(C(C(O1)(CO)OC2C(C(C(C(O2)COP(=O)(O)O)O)O)O)O)O)O
Sugar	C(C1C(C(C(C(O1)OC2(C(C(C(O2)CO)O)O)CO)O)O)O)O
Sugar phosphate	
Sulfate	[O-]S(=O)(=O)[O-]
Sulfite	[O-]S(=O)[O-]
Sulfur donor	
Superoxide	[O-][O]
TG backbone	
THF biosynthesis ex-/import constraint	
THF-L-glutamate; Tetrahydropteroyldiglutamate;	
Tetradecanoic acid	CCCCCCCCCCCCCC(=O)O
Tetrahomomethionine	CSCCCCCCC(C(=O)O)N
Tetrahydrogeranylgeranyl diphosphate	CC(CCCC(C)CCC=C(C)C)CCCC(=CCOP(=O)(O)OP(=O)(O)O)C
Tetrahydropteroyltri-L-glutamate	C1C(NC2=C(N1)N=C(NC2=O)N)CNC3=CC=C(C=C3)C(=O)NC(CCC(=O)NC(CCC(=O)NC(CCC(=O)O)C(=O)O)C(=O)O)C(=O)O
ThPP, Thiamine pyrophosphate	
Thiamin monophosphate	CC1=C(SC=[N+]1CC2=CN=C(N=C2N)C)CCOP(=O)(O)O
Thiamine	CC1=C(SC=[N+]1CC2=CN=C(N=C2N)C)CCO
Thioredoxin	C[N+](C)(C)C(CC1=CNC(=S)N1)C(=O)O
Thioredoxin disulfide	
Thiosulfate	OS(=O)(=S)[O-]
Thromboxane A2	CCCCCC(C=CC1C(C2CC(O2)O1)CC=CCCCC(=O)O)O
Thymine	CC1=CNC(=O)NC1=O
Trichloroethene	C(=C(Cl)Cl)Cl
UDP-3-O-(3-hydroxytetradecanoyl)-D-glucosamine	CCCCCCCCCCCC(CC(=O)OC1C(C(OC(C1O)CO)OP(=O)(O)OP(=O)(O)OCC2C(C(C(O2)N3C=CC(=O)NC3=O)O)O)N)O
UDP-3-O-(3-hydroxytetradecanoyl)-N-acetylglucosamine	CCCCCCCCCCCC(CC(=O)OC1C(C(OC(C1O)CO)OP(=O)([O-])OP(=O)([O-])OCC2C(C(C(O2)N3C=CC(=O)NC3=O)O)O)NC(=O)C)O
UDP-4-dehydro-6-deoxy-D-glucose	CC1C(=O)C(C(C(O1)OP(=O)(O)OP(=O)(O)OCC2C(C(C(O2)N3C=CC(=O)NC3=O)O)O)O)O
UDP-6-sulfoquinovose	C1=CN(C(=O)NC1=O)C2C(C(C(O2)COP(=O)(O)OP(=O)(O)OC3C(C(C(C(O3)CS(=O)(=O)O)O)O)O)O)O
UDP-D-galacturonate	C1=CN(C(=O)NC1=O)C2C(C(C(O2)COP(=O)(O)OP(=O)(O)OC3C(C(C(C(O3)C(=O)O)O)O)O)O)O
UDP-D-xylose	C1C(C(C(C(O1)OP(=O)(O)OP(=O)(O)OCC2C(C(C(O2)N3C=CC(=O)NC3=O)O)O)O)O)O
UDP-Glucose	C1=CN(C(=O)NC1=O)C2C(C(C(O2)COP(=O)(O)OP(=O)(O)OC3C(C(C(C(O3)CO)O)O)O)O)O
UDP-L-arabinose	C1C(C(C(C(O1)OP(=O)(O)OP(=O)(O)OCC2C(C(C(O2)N3C=CC(=O)NC3=O)O)O)O)O)O
UDP-N-acetyl-alpha-D-glucosamine	CC(=O)NC1C(C(C(OC1OP(=O)(O)OP(=O)(O)OCC2C(C(C(O2)N3C=CC(=O)NC3=O)O)O)CO)O)O
UDP-alpha-D-galactose	C1=CN(C(=O)NC1=O)C2C(C(C(O2)COP(=O)(O)OP(=O)(O)OC3C(C(C(C(O3)CO)O)O)O)O)O
UDP-glucuronate	C1=CN(C(=O)NC1=O)C2C(C(C(O2)COP(=O)(O)OP(=O)(O)OC3C(C(C(C(O3)C(=O)O)O)O)O)O)O
Uracil	C1=CNC(=O)NC1=O
Urea	C(=O)(N)N
Uridine	C1=CN(C(=O)NC1=O)C2C(C(C(O2)CO)O)O
Uridine 5-phosphate	
Uridine diphosphate	C1=CN(C(=O)NC1=O)C2C(C(C(O2)COP(=O)(O)OP(=O)(O)O)O)O
Uridine triphosphate	C1=CN(C(=O)NC1=O)C2C(C(C(O2)COP(=O)(O)OP(=O)(O)OP(=O)(O)O)O)O
Uroporphyrinogen I	C1C2=C(C(=C(N2)CC3=C(C(=C(N3)CC4=C(C(=C(N4)CC5=C(C(=C1N5)CC(=O)O)CCC(=O)O)CC(=O)O)CCC(=O)O)CC(=O)O)CCC(=O)O)CC(=O)O)CCC(=O)O
Uroporphyrinogen_III	
Violaxanthin	CC(=CC=CC=C(C)C=CC=C(C)C=CC12C(CC(CC1(O2)C)O)(C)C)C=CC=C(C)C=CC34C(CC(CC3(O4)C)O)(C)C
Vitamin K1 epoxide	CC(C)CCCC(C)CCCC(C)CCCC(=CCC12C(=O)C3=CC=CC=C3C(=O)C1(O2)C)C
Xanthosine 5'-phosphate	C1=NC2=C(N1C3C(C(C(O3)COP(=O)(O)O)O)O)NC(=O)NC2=O
Xanthoxin	CC(=CC=O)C=CC12C(CC(CC1(O2)C)O)(C)C
Xylulose 5-phosphate	C(C(C(C(=O)CO)O)O)OP(=O)(O)O
Zeaxanthin	CC1=C(C(CC(C1)O)(C)C)C=CC(=CC=CC(=CC=CC=C(C)C=CC=C(C)C=CC2=C(CC(CC2(C)C)O)C)C)C
Zeinoxanthin	CC1=C(C(CC(C1)O)(C)C)C=CC(=CC=CC(=CC=CC=C(C)C=CC=C(C)C=CC2C(=CCCC2(C)C)C)C)C
Zymosterol	CC(CCC=C(C)C)C1CCC2C1(CCC3=C2CCC4C3(CCC(C4)O)C)C
[Enzyme]-S-sulfanylcysteine	
[Enzyme]-cysteine	
[FA0101] FA 16:0	
[FA0101] FA 16:1(7Z)	
[FA0101] FA 16:2(7Z,10Z)	
[FA0101] FA 16:3(7Z,10Z,13Z)	
[FA0101] FA 18:0	
[FA0101] FA 18:1(9Z)	
[FA0101] FA 18:2(9Z,12Z)	
[FA0101] FA 18:3(9Z,12Z,15Z)	
[FA0200] FA 18:3;O2 [(9Z,11E,15Z)-(13S)-Hydroperoxyoctadeca-9,11,15-trienoate]	
[FA0200] FA 18:4;O [(9Z)-(13S)-12,13-Epoxyoctadeca-9,11,15-trienoate]	
[FA0201] FA 18:4;O [(15Z)-12-Oxophyto-10,15-dienoate]	
[FA0705] CoA 16:0 [Palmitoyl-CoA]	
[FA0705] CoA 16:1(7Z) [cis-hexadec-7-enoyl-CoA]	
[FA0705] CoA 16:2(7Z,10Z) [(7Z,10Z)-Hexadecadienoyl-CoA]	
[FA0705] CoA 16:3(7Z,10Z,13Z) [(7Z,10Z,13Z)-Hexadecatrienoyl-CoA]	
[FA0705] CoA 18:0 [Stearoyl-CoA]	
[FA0705] CoA 18:1(9Z) [Oleoyl-CoA]	
[FA0705] CoA 18:2(9Z,12Z) [Linoleoyl-CoA]	
[FA0705] CoA 18:3(9Z,12Z,15Z) [Linolenoyl-CoA]	
[FA0705] CoA 2:0 [Acetyl coenzyme A]	
[FA0705] CoA 3:1;O2 [Malonyl-Coenzyme A]	
[FA0706] 10:0-acp [Decanoyl-(acyl-carrier-protein)]	
[FA0706] 10:0;O-acp [(R)-3-Hydroxydecanoyl-(acyl-carrier-protein)]	
[FA0706] 10:1(2E)-acp [10:1(2E)-acp [trans-Dec-2-enoyl-(acyl-carrier-protein)]]	
[FA0706] 10:1;O-acp [3-Oxodecanoyl-(acyl-carrier-protein)]	
[FA0706] 12:0-acp [Lauroyl-(acyl-carrier-protein)]	
[FA0706] 12:0;O-acp [(R)-3-Hydroxydodecanoyl-(acyl-carrier-protein)]	
[FA0706] 12:1(2E)-acp [trans-Dodec-2-enoyl-(acyl-carrier-protein)]	
[FA0706] 12:1;O-acp [3-Oxododecanoyl-(acyl-carrier-protein)]	
[FA0706] 14:0-acp [Tetradecanoyl-(acyl-carrier-protein)]	
[FA0706] 14:0;O-acp [(3R)-3-Hydroxytetradecanoyl-(acyl-carrier-protein)]	
[FA0706] 14:1(2E)-acp [trans-Tetradec-2-enoyl-(acyl-carrier-protein)]	
[FA0706] 14:1;O-acp [3-Oxotetradecanoyl-(acyl-carrier-protein)]	
[FA0706] 16:0-acp [Hexadecanoyl-[acyl-carrier-protein]]	
[FA0706] 16:0;O-acp [(3R)-3-Hydroxypalmitoyl-(acyl-carrier-protein)]	
[FA0706] 16:1(2E)-acp [trans-Hexadec-2-enoyl-(acyl-carrier-protein)]	
[FA0706] 16:1;O-acp [3-Oxohexadecanoyl-(acyl-carrier-protein)]	
[FA0706] 18:0-acp [Stearoyl-(acyl-carrier-protein)]	
[FA0706] 18:0;O-acp [(R)-3-Hydroxyoctadecanoyl-(acyl-carrier-protein)]	
[FA0706] 18:1(2E)-acp [trans-Octadec-2-enoyl-(acyl-carrier-protein)]	
[FA0706] 18:1(9Z)-acp [Oleoyl-(acyl-carrier-protein)]	
[FA0706] 18:1;O-acp [3-Oxostearoyl-(acyl-carrier-protein)]	
[FA0706] 4:0-acp [Acetoacetyl-(acyl-carrier-protein)]	
[FA0706] 4:0-acp [Butyryl-(acyl-carrier-protein)]	
[FA0706] 4:0;3OH-acp [(3R)-3-Hydroxybutanoyl-(acyl-carrier-protein)]	
[FA0706] 4:1(2E)-acp [But-2-enoyl-(acyl-carrier-protein)]	
[FA0706] 6:0-acp [Hexanoyl-(acyl-carrier-protein)]	
[FA0706] 6:0;O-acp [(R)-3-Hydroxyhexanoyl-(acyl-carrier-protein)]	
[FA0706] 6:1(2E)-acp [trans-Hex-2-enoyl-(acyl-carrier-protein)]	
[FA0706] 6:1;O-acp [3-Oxohexanoyl-(acyl-carrier-protein)]	
[FA0706] 8:0-acp [Octanoyl-(acyl-carrier-protein)]	
[FA0706] 8:1(2E)-acp [trans-Oct-2-enoyl-(acyl-carrier-protein)]	
[FA0706] 8:1;O-acp [(3R)-3-Hydroxyoctanoyl-(acyl-carrier-protein)]	
[FA0706] 8:1;O-acp [3-Oxooctanoyl-(acyl-carrier-protein)]	
[GL0201] DG(16:0/16:0)	
[GL0201] DG(16:0/18:2(9Z,12Z)), eukaryotic	
[GL0201] DG(16:0/18:3(9Z,12Z,15Z)), eukaryotic	
[GL0201] DG(16:1(7Z)/16:1(7Z))	
[GL0201] DG(16:1(7Z)_16:0)	
[GL0201] DG(16:1(7Z)_16:2(7Z,10Z))	
[GL0201] DG(16:2(7Z,10Z)/16:2(7Z,10Z))	
[GL0201] DG(16:2(7Z,10Z)/16:3(7Z,10Z,13Z))	
[GL0201] DG(18:1(9Z)/16:0), prokaryotic	
[GL0201] DG(18:1(9Z)/16:1(7Z)), prokaryotic	
[GL0201] DG(18:1(9Z)/16:2(7Z,10Z)), prokaryotic	
[GL0201] DG(18:1(9Z)_18:2(9Z,12Z))	
[GL0201] DG(18:2(9Z,12Z)/16:1(7Z)), prokaryotic	
[GL0201] DG(18:2(9Z,12Z)/16:2(7Z,10Z)), prokaryotic	
[GL0201] DG(18:2(9Z,12Z)/16:3(7Z,10Z,13Z)), prokaryotic	
[GL0201] DG(18:2(9Z,12Z)/18:2(9Z,12Z))	
[GL0201] DG(18:2(9Z,12Z)_18:3(9Z,12Z,15Z))	
[GL0201] DG(18:3(9Z,12Z,15Z)/16:2(7Z,10Z)), prokaryotic	
[GL0201] DG(18:3(9Z,12Z,15Z)/16:3(7Z,10Z,13Z)), prokaryotic	
[GL0201] DG(18:3(9Z,12Z,15Z)/18:3(9Z,12Z,15Z))	
[GL0301] TG(16:0/16:0/16:0)	
[GL0301] TG(16:0/16:0/16:2(7Z,10Z))	
[GL0301] TG(16:0/16:0/16:3(7Z,10Z,13Z))	
[GL0301] TG(16:0/16:0/18:0)	
[GL0301] TG(16:0/16:0/18:2(9Z,12Z))	
[GL0301] TG(16:0/18:3(9Z,12Z,15Z)/18:0)	
[GL0301] TG(16:0_16:0_16:1(7Z))	
[GL0301] TG(16:0_16:0_18:1(9Z))	
[GL0301] TG(16:0_16:0_18:3(9Z,12Z,15Z))	
[GL0301] TG(16:0_16:1(7Z)_16:1(7Z))	
[GL0301] TG(16:0_16:1(7Z)_16:2(7Z,10Z))	
[GL0301] TG(16:0_16:1(7Z)_18:1(9Z))	
[GL0301] TG(16:0_16:1(7Z)_18:2(9Z,12Z))	
[GL0301] TG(16:0_16:1(7Z)_18:3(9Z,12Z,15Z))	
[GL0301] TG(16:0_16:2(7Z,10Z)_18:1(9Z))	
[GL0301] TG(16:0_16:2(7Z,10Z)_18:3(9Z,12Z,15Z))	
[GL0301] TG(16:0_16:3(7Z,10Z,13Z)_18:3(9Z,12Z,15Z))	
[GL0301] TG(16:0_18:1(9Z)_18:2(9Z,12Z))	
[GL0301] TG(16:0_18:1(9Z)_18:3(9Z,12Z,15Z))	
[GL0301] TG(16:0_18:2(9Z,12Z)_18:3(9Z,12Z,15Z))	
[GL0301] TG(16:0_18:3(9Z,12Z,15Z)_18:3(9Z,12Z,15Z))	
[GL0301] TG(16:1(7Z)/16:0/16:3(7Z,10Z,13Z))	
[GL0301] TG(16:1(7Z)/16:0/18:0)	
[GL0301] TG(16:1(7Z)/16:1(7Z)/16:1(7Z))	
[GL0301] TG(16:1(7Z)/16:1(7Z)/16:3(7Z,10Z,13Z))	
[GL0301] TG(16:1(7Z)/16:1(7Z)/18:0)	
[GL0301] TG(16:1(7Z)/16:1(7Z)/18:3(9Z,12Z,15Z))	
[GL0301] TG(16:1(7Z)/16:2(7Z,10Z)/18:0)	
[GL0301] TG(16:1(7Z)_16:1(7Z)_16:2(7Z,10Z))	
[GL0301] TG(16:1(7Z)_16:1(7Z)_18:1(9Z))	
[GL0301] TG(16:1(7Z)_16:1(7Z)_18:2(9Z,12Z))	
[GL0301] TG(16:1(7Z)_16:2(7Z,10Z)_16:2(7Z,10Z))	
[GL0301] TG(16:1(7Z)_16:2(7Z,10Z)_16:3(7Z,10Z,13Z))	
[GL0301] TG(16:1(7Z)_16:2(7Z,10Z)_18:1(9Z))	
[GL0301] TG(16:1(7Z)_16:2(7Z,10Z)_18:2(9Z,12Z))	
[GL0301] TG(16:1(7Z)_16:2(7Z,10Z)_18:3(9Z,12Z,15Z))	
[GL0301] TG(16:1(7Z)_16:3(7Z,10Z,13Z)_18:2(9Z,12Z))	
[GL0301] TG(16:1(7Z)_18:1(9Z)_18:2(9Z,12Z))	
[GL0301] TG(16:1(7Z)_18:2(9Z,12Z)_18:2(9Z,12Z))	
[GL0301] TG(16:1(7Z)_18:2(9Z,12Z)_18:3(9Z,12Z,15Z))	
[GL0301] TG(16:2(7Z,10Z)/16:2(7Z,10Z)/16:0)	
[GL0301] TG(16:2(7Z,10Z)/16:2(7Z,10Z)/16:2(7Z,10Z))	
[GL0301] TG(16:2(7Z,10Z)/16:2(7Z,10Z)/18:0)	
[GL0301] TG(16:2(7Z,10Z)/16:3(7Z,10Z,13Z)/16:0)	
[GL0301] TG(16:2(7Z,10Z)/16:3(7Z,10Z,13Z)/16:3(7Z,10Z,13Z))	
[GL0301] TG(16:2(7Z,10Z)/16:3(7Z,10Z,13Z)/18:0)	
[GL0301] TG(16:2(7Z,10Z)_16:2(7Z,10Z)_16:3(7Z,10Z,13Z))	
[GL0301] TG(16:2(7Z,10Z)_16:2(7Z,10Z)_18:1(9Z))	
[GL0301] TG(16:2(7Z,10Z)_16:2(7Z,10Z)_18:2(9Z,12Z))	
[GL0301] TG(16:2(7Z,10Z)_16:2(7Z,10Z)_18:3(9Z,12Z,15Z))	
[GL0301] TG(16:2(7Z,10Z)_16:3(7Z,10Z,13Z)_18:1(9Z))	
[GL0301] TG(16:2(7Z,10Z)_16:3(7Z,10Z,13Z)_18:2(9Z,12Z))	
[GL0301] TG(16:2(7Z,10Z)_16:3(7Z,10Z,13Z)_18:3(9Z,12Z,15Z))	
[GL0301] TG(16:2(7Z,10Z)_18:1(9Z)_18:2(9Z,12Z))	
[GL0301] TG(16:2(7Z,10Z)_18:1(9Z)_18:3(9Z,12Z,15Z))	
[GL0301] TG(16:2(7Z,10Z)_18:2(9Z,12Z)_18:2(9Z,12Z))	
[GL0301] TG(16:2(7Z,10Z)_18:2(9Z,12Z)_18:3(9Z,12Z,15Z))	
[GL0301] TG(16:2(7Z,10Z)_18:3(9Z,12Z,15Z)_18:3(9Z,12Z,15Z))	
[GL0301] TG(16:3(7Z,10Z,13Z)_18:1(9Z)_18:2(9Z,12Z))	
[GL0301] TG(16:3(7Z,10Z,13Z)_18:2(9Z,12Z)_18:2(9Z,12Z))	
[GL0301] TG(16:3(7Z,10Z,13Z)_18:2(9Z,12Z)_18:3(9Z,12Z,15Z))	
[GL0301] TG(16:3(7Z,10Z,13Z)_18:3(9Z,12Z,15Z)_18:3(9Z,12Z,15Z))	
[GL0301] TG(18:1(9Z)/16:0/16:3(7Z,10Z,13Z))	
[GL0301] TG(18:1(9Z)/16:0/18:0)	
[GL0301] TG(18:1(9Z)/16:0/18:1(9Z))	
[GL0301] TG(18:1(9Z)/16:1(7Z)/16:3(7Z,10Z,13Z))	
[GL0301] TG(18:1(9Z)/16:1(7Z)/18:0)	
[GL0301] TG(18:1(9Z)/16:1(7Z)/18:1(9Z))	
[GL0301] TG(18:1(9Z)/16:1(7Z)/18:3(9Z,12Z,15Z))	
[GL0301] TG(18:1(9Z)/16:2(7Z,10Z)/18:0)	
[GL0301] TG(18:1(9Z)/16:2(7Z,10Z)/18:1(9Z))	
[GL0301] TG(18:1(9Z)/18:2(9Z,12Z)/18:0)	
[GL0301] TG(18:1(9Z)/18:2(9Z,12Z)/18:1(9Z))	
[GL0301] TG(18:1(9Z)_18:2(9Z,12Z)_18:2(9Z,12Z))	
[GL0301] TG(18:1(9Z)_18:2(9Z,12Z)_18:3(9Z,12Z,15Z))	
[GL0301] TG(18:2(9Z,12Z)/16:1(7Z)/18:0)	
[GL0301] TG(18:2(9Z,12Z)/16:2(7Z,10Z)/16:0)	
[GL0301] TG(18:2(9Z,12Z)/16:2(7Z,10Z)/18:0)	
[GL0301] TG(18:2(9Z,12Z)/16:3(7Z,10Z,13Z)/16:0)	
[GL0301] TG(18:2(9Z,12Z)/16:3(7Z,10Z,13Z)/16:3(7Z,10Z,13Z))	
[GL0301] TG(18:2(9Z,12Z)/16:3(7Z,10Z,13Z)/18:0)	
[GL0301] TG(18:2(9Z,12Z)/18:2(9Z,12Z)/16:0)	
[GL0301] TG(18:2(9Z,12Z)/18:2(9Z,12Z)/18:0)	
[GL0301] TG(18:2(9Z,12Z)/18:2(9Z,12Z)/18:2(9Z,12Z))	
[GL0301] TG(18:2(9Z,12Z)/18:3(9Z,12Z,15Z)/18:0)	
[GL0301] TG(18:2(9Z,12Z)_18:2(9Z,12Z)_18:3(9Z,12Z,15Z))	
[GL0301] TG(18:2(9Z,12Z)_18:3(9Z,12Z,15Z)_18:3(9Z,12Z,15Z))	
[GL0301] TG(18:3(9Z,12Z,15Z)/16:2(7Z,10Z)/18:0)	
[GL0301] TG(18:3(9Z,12Z,15Z)/16:3(7Z,10Z,13Z)/16:1(7Z))	
[GL0301] TG(18:3(9Z,12Z,15Z)/16:3(7Z,10Z,13Z)/16:3(7Z,10Z,13Z))	
[GL0301] TG(18:3(9Z,12Z,15Z)/16:3(7Z,10Z,13Z)/18:0)	
[GL0301] TG(18:3(9Z,12Z,15Z)/16:3(7Z,10Z,13Z)/18:1(9Z))	
[GL0301] TG(18:3(9Z,12Z,15Z)/18:3(9Z,12Z,15Z)/16:1(7Z))	
[GL0301] TG(18:3(9Z,12Z,15Z)/18:3(9Z,12Z,15Z)/18:0)	
[GL0301] TG(18:3(9Z,12Z,15Z)/18:3(9Z,12Z,15Z)/18:1(9Z))	
[GL0301] TG(18:3(9Z,12Z,15Z)/18:3(9Z,12Z,15Z)/18:3(9Z,12Z,15Z))	
[GL0401] MGMG(0:0/16:2(7Z,10Z))	
[GL0401] MGMG(0:0/16:3(7Z,10Z,13Z))	
[GL0401] MGMG(0:0/18:2(9Z,12Z))	
[GL0401] MGMG(0:0/18:3(9Z,12Z,15Z))	
[GL0501] DGDG(16:0/16:0)	
[GL0501] DGDG(16:0/18:2(9Z,12Z)), eukaryotic	
[GL0501] DGDG(16:0/18:3(9Z,12Z,15Z)), eukaryotic	
[GL0501] DGDG(16:0_16:1(7Z))	
[GL0501] DGDG(16:1(7Z)/16:1(7Z))	
[GL0501] DGDG(16:1(7Z)_16:2(7Z,10Z))	
[GL0501] DGDG(16:2(7Z,10Z)/16:2(7Z,10Z))	
[GL0501] DGDG(16:2(7Z,10Z)/16:3(7Z,10Z,13Z))	
[GL0501] DGDG(18:1(9Z)/16:0), prokaryotic	
[GL0501] DGDG(18:1(9Z)/16:1(7Z)), prokaryotic	
[GL0501] DGDG(18:1(9Z)/16:2(7Z,10Z)), prokaryotic	
[GL0501] DGDG(18:1(9Z)_18:2(9Z,12Z))	
[GL0501] DGDG(18:2(9Z,12Z)/16:0), prokaryotic	
[GL0501] DGDG(18:2(9Z,12Z)/16:1(7Z)), prokaryotic	
[GL0501] DGDG(18:2(9Z,12Z)/16:2(7Z,10Z)), prokaryotic	
[GL0501] DGDG(18:2(9Z,12Z)/16:3(7Z,10Z,13Z)), prokaryotic	
[GL0501] DGDG(18:2(9Z,12Z)/18:2(9Z,12Z))	
[GL0501] DGDG(18:2(9Z,12Z)_18:3(9Z,12Z,15Z))	
[GL0501] DGDG(18:3(9Z,12Z,15Z)/16:0), prokaryotic	
[GL0501] DGDG(18:3(9Z,12Z,15Z)/16:2(7Z,10Z)), prokaryotic	
[GL0501] DGDG(18:3(9Z,12Z,15Z)/16:3(7Z,10Z,13Z)), prokaryotic	
[GL0501] DGDG(18:3(9Z,12Z,15Z)/18:3(9Z,12Z,15Z))	
[GL0501] MGDG(16:0/16:0)	
[GL0501] MGDG(16:0/16:1(7Z))	
[GL0501] MGDG(16:0/16:2(7Z,10Z))	
[GL0501] MGDG(16:0/16:3(7Z,10Z,13Z))	
[GL0501] MGDG(16:0/18:2(9Z,12Z)), eukaryotic	
[GL0501] MGDG(16:0/18:3(9Z,12Z,15Z)), eukaryotic	
[GL0501] MGDG(16:1(7Z)/16:1(7Z))	
[GL0501] MGDG(16:1(7Z)/16:2(7Z,10Z))	
[GL0501] MGDG(16:2(7Z,10Z)/16:2(7Z,10Z))	
[GL0501] MGDG(16:2(7Z,10Z)/16:3(7Z,10Z,13Z))	
[GL0501] MGDG(18:0/16:2(7Z,10Z)), prokaryotic	
[GL0501] MGDG(18:0/16:3(7Z,10Z,13Z)), prokaryotic	
[GL0501] MGDG(18:0/18:2(9Z,12Z))	
[GL0501] MGDG(18:0/18:3(9Z,12Z,15Z))	
[GL0501] MGDG(18:1(9Z)/16:0), prokaryotic	
[GL0501] MGDG(18:1(9Z)/16:1(7Z)), prokaryotic	
[GL0501] MGDG(18:1(9Z)/16:2(7Z,10Z)), prokaryotic	
[GL0501] MGDG(18:1(9Z)/16:3(7Z,10Z,13Z)), prokaryotic	
[GL0501] MGDG(18:1(9Z)/18:2(9Z,12Z))	
[GL0501] MGDG(18:1(9Z)/18:3(9Z,12Z,15Z))	
[GL0501] MGDG(18:2(9Z,12Z)/16:1(7Z)), prokaryotic	
[GL0501] MGDG(18:2(9Z,12Z)/16:2(7Z,10Z)), prokaryotic	
[GL0501] MGDG(18:2(9Z,12Z)/16:3(7Z,10Z,13Z)), prokaryotic	
[GL0501] MGDG(18:2(9Z,12Z)/18:2(9Z,12Z))	
[GL0501] MGDG(18:2(9Z,12Z)_18:3(9Z,12Z,15Z))	
[GL0501] MGDG(18:3(9Z,12Z,15Z)/16:2(7Z,10Z)), prokaryotic	
[GL0501] MGDG(18:3(9Z,12Z,15Z)/16:3(7Z,10Z,13Z)), prokaryotic	
[GL0501] MGDG(18:3(9Z,12Z,15Z)/18:3(9Z,12Z,15Z))	
[GL0501] SQDG(16:0/18:2(9Z,12Z)), eukaryotic	
[GL0501] SQDG(16:0/18:3(9Z,12Z,15Z)), eukaryotic	
[GL0501] SQDG(18:1(9Z)/16:0), prokaryotic	
[GL0501] SQDG(18:2(9Z,12Z)/16:0), prokaryotic	
[GL0501] SQDG(18:3(9Z,12Z,15Z)/16:0), prokaryotic	
[GP0101] PC(16:0/18:2(9Z,12Z))	
[GP0101] PC(18:1(9Z)_18:2(9Z,12Z))	
[GP0101] PC(18:2(9Z,12Z)/18:2(9Z,12Z))	
[GP0401] PG(18:1(9Z)/16:0), prokaryotic	
[GP0401] PG(18:1(9Z)/16:1(3E)), prokaryotic	
[GP0401] PG(18:2(9Z,12Z)/16:1(3E)), prokaryotic	
[GP0401] PG(18:3(9Z,12Z,15Z)/16:1(3E)), prokaryotic	
[GP0501] PGP(18:1(9Z)/16:0), prokaryotic	
[GP1001] PA(16:0/16:0)	
[GP1001] PA(16:0/18:2(9Z,12Z)), eukaryotic	
[GP1001] PA(18:1(9Z)/16:0), prokaryotic	
[GP1001] PA(18:1(9Z)_18:2(9Z,12Z))	
[GP1001] PA(18:2(9Z,12Z)/18:2(9Z,12Z))	
[GP1005] LPA(16:0/0:0)	
[GP1005] LPA(18:1(9Z)/0:0), prokaryotic	
[GP1301] CDP-DG(18:1(9Z)/16:0), prokaryotic	
[Oxidized NADPH---hemoprotein reductase]	
[PR0101] 1-Hydroxy-2-methyl-2-butenyl_4-diphosphate	
[PR0101] Isopentenyl_diphosphate	
[PR010301] trans_trans-Farnesyl_diphosphate	
[PR010401] Chlorophyll_a	
[PR010401] Chlorophyll_b	
[PR010401] Phytyl_diphosphate	
[Protein]-L-cysteine	
[Protein]-S-sulfanyl-L-cysteine	
[Reduced NADPH---hemoprotein reductase]	
adenylo-succinate	C1=NC(=C2C(=N1)N(C=N2)C3C(C(C(O3)COP(=O)([O-])[O-])O)O)NC(CC(=O)[O-])C(=O)[O-]
all-trans-Heptaprenyl diphosphate	CC(=CCCC(=CCCC(=CCCC(=CCCC(=CCCC(=CCCC(=CCOP(=O)(O)OP(=O)(O)O)C)C)C)C)C)C)C
all-trans-Hexaprenyl diphosphate	CC(=CCCC(=CCCC(=CCCC(=CCCC(=CCCC(=CCOP(=O)(O)OP(=O)(O)O)C)C)C)C)C)C
all-trans-Neurosporene	CC(=CCCC(=CCCC(=CC=CC(=CC=CC=C(C)C=CC=C(C)C=CC=C(C)CCC=C(C)C)C)C)C)C
all-trans-Nonaprenyl diphosphate	CC(=CCCC(=CCCC(=CCCC(=CCCC(=CCCC(=CCCC(=CCCC(=CCCC(=CCOP(=O)(O)OP(=O)(O)O)C)C)C)C)C)C)C)C)C
all-trans-Octaprenyl diphosphate	CC(=CCCC(=CCCC(=CCCC(=CCCC(=CCCC(=CCCC(=CCCC(=CCOP(=O)(O)OP(=O)(O)O)C)C)C)C)C)C)C)C
all-trans-Pentaprenyl diphosphate	CC(=CCCC(=CCCC(=CCCC(=CCCC(=CCOP(=O)(O)OP(=O)(O)O)C)C)C)C)C
all-trans-Phytoene	CC(=CCCC(=CCCC(=CCCC(=CC=CC=C(C)CCC=C(C)CCC=C(C)CCC=C(C)C)C)C)C)C
all-trans-Phytofluene	CC(=CCCC(=CCCC(=CCCC(=CC=CC=C(C)C=CC=C(C)CCC=C(C)CCC=C(C)C)C)C)C)C
all-trans-zeta-Carotene	CC(=CCCC(=CCCC(=CC=CC(=CC=CC=C(C)C=CC=C(C)CCC=C(C)CCC=C(C)C)C)C)C)C
alpha,alpha'-Trehalose 6-phosphate	C(C1C(C(C(C(O1)OC2C(C(C(C(O2)COP(=O)(O)O)O)O)O)O)O)O)O
alpha,beta-Dihydroxyethyl-TPP	CC1=C(SC(=C(CO)O)N1CC2=CN=C(N=C2N)C)CCOP(=O)(O)OP(=O)(O)O
alpha-Carotene	CC1=C(C(CCC1)(C)C)C=CC(=CC=CC(=CC=CC=C(C)C=CC=C(C)C=CC2C(=CCCC2(C)C)C)C)C
alpha-Cryptoxanthin	
alpha-D-Galactose	C(C1C(C(C(C(O1)O)O)O)O)O
alpha-D-Galactose 1-phosphate	C(C1C(C(C(C(O1)OP(=O)(O)O)O)O)O)O
alpha-D-Galactosyl-(1->3)-1D-myo-inositol	C(C1C(C(C(C(O1)OC2C(C(C(C(C2O)O)O)O)O)O)O)O)O
alpha-D-Glucose	C(C1C(C(C(C(O1)O)O)O)O)O
alpha-D-Glucose 6-phosphate	C(C1C(C(C(C(O1)O)O)O)O)OP(=O)(O)O
alpha-D-Ribose 1,2-cyclic phosphate 5-phosphate	C(C1C(C2C(O1)OP(=O)(O2)O)O)OP(=O)(O)O
alpha-D-Ribose 1-phosphate	C(C1C(C(C(O1)OP(=O)(O)O)O)O)O
alpha-Isopropylmalate	CC(C)C(CC(=O)O)(C(=O)O)O
alpha-Ketoglutarate, 2-Oxoglutarate	
alpha-Tocopherol	CC1=C(C2=C(CCC(O2)(C)CCCC(C)CCCC(C)CCCC(C)C)C(=C1O)C)C
alpha-Zeacarotene	CC1=CCCC(C1C=CC(=CC=CC(=CC=CC=C(C)C=CC=C(C)CCC=C(C)CCC=C(C)C)C)C)(C)C
beta-Alanine	C(CN)C(=O)O
beta-Carotene	CC1=C(C(CCC1)(C)C)C=CC(=CC=CC(=CC=CC=C(C)C=CC=C(C)C=CC2=C(CCCC2(C)C)C)C)C
beta-Cryptoxanthin	CC1=C(C(CCC1)(C)C)C=CC(=CC=CC(=CC=CC=C(C)C=CC=C(C)C=CC2=C(CC(CC2(C)C)O)C)C)C
beta-D-Fructose	C(C1C(C(C(O1)(CO)O)O)O)O
beta-D-Fructose 2,6-bisphosphate	C(C1C(C(C(O1)(CO)OP(=O)(O)O)O)O)OP(=O)(O)O
beta-D-Glucose	C(C1C(C(C(C(O1)O)O)O)O)O
beta-D-glucose 6-phosphate	C(C1C(C(C(C(O1)O)O)O)O)OP(=O)(O)O
beta-Ionone	CC1=C(C(CCC1)(C)C)C=CC(=O)C
beta-L-Galactose 1-phosphate	C(C1C(C(C(C(O1)OP(=O)(O)O)O)O)O)O
beta-Tocopherol	CC1=CC(=C(C2=C1OC(CC2)(C)CCCC(C)CCCC(C)CCCC(C)C)C)O
cis-2,3-Dihydrodiol 1,1,1-trichloro-2,2-bis(4'-chlorophenyl)ethane	C1=CC(=CC=C1C(C2=CC=C(C(C2O)O)Cl)C(Cl)(Cl)Cl)Cl
cis-Aconitate	C(C(=CC(=O)O)C(=O)O)C(=O)O
constraint for import of oxaloacetate wrt carbon balance	
dADP	C1C(C(OC1N2C=NC3=C(N=CN=C32)N)COP(=O)(O)OP(=O)(O)O)O
dAMP	C1C(C(OC1N2C=NC3=C(N=CN=C32)N)COP(=O)(O)O)O
dATP	C1C(C(OC1N2C=NC3=C(N=CN=C32)N)COP(=O)(O)OP(=O)(O)OP(=O)(O)O)O
dCDP	C1C(C(OC1N2C=CC(=NC2=O)N)COP(=O)(O)OP(=O)(O)O)O
dCMP	C1C(C(OC1N2C=CC(=NC2=O)N)COP(=O)(O)O)O
dCTP	C1C(C(OC1N2C=CC(=NC2=O)N)COP(=O)(O)OP(=O)(O)OP(=O)(O)O)O
dGDP	C1C(C(OC1N2C=NC3=C2N=C(NC3=O)N)COP(=O)(O)OP(=O)(O)O)O
dGTP	C1C(C(OC1N2C=NC3=C2N=C(NC3=O)N)COP(=O)(O)OP(=O)(O)OP(=O)(O)O)O
dIDP	C1C(C(OC1N2C=NC3=C2N=CNC3=O)COP(=O)([O-])OP(=O)([O-])[O-])O
dITP	C1C(C(OC1N2C=NC3=C2N=CNC3=O)COP(=O)(O)OP(=O)(O)OP(=O)(O)O)O
dTDP	CC1=CN(C(=O)NC1=O)C2CC(C(O2)COP(=O)(O)OP(=O)(O)O)O
dTDP-4-dehydro-beta-L-rhamnose	CC1C(=O)C(C(C(O1)OP(=O)(O)OP(=O)(O)OCC2C(CC(O2)N3C=C(C(=O)NC3=O)C)O)O)O
dTDP-4-oxo-6-deoxy-D-glucose	CC1C(=O)C(C(C(O1)OP(=O)(O)OP(=O)(O)OCC2C(CC(O2)N3C=C(C(=O)NC3=O)C)O)O)O
dTDP-L-rhamnose	CC1C(C(C(C(O1)OP(=O)(O)OP(=O)(O)OCC2C(CC(O2)N3C=C(C(=O)NC3=O)C)O)O)O)O
dTTP	CC1=CN(C(=O)NC1=O)C2CC(C(O2)COP(=O)(O)OP(=O)(O)OP(=O)(O)O)O
dUDP	C1C(C(OC1N2C=CC(=O)NC2=O)COP(=O)(O)OP(=O)(O)O)O
dUMP	C1C(C(OC1N2C=CC(=O)NC2=O)COP(=O)(O)O)O
dUTP	C1C(C(OC1N2C=CC(=O)NC2=O)COP(=O)(O)OP(=O)(O)OP(=O)(O)O)O
delta-Carotene	CC1=CCCC(C1C=CC(=CC=CC(=CC=CC=C(C)C=CC=C(C)C=CC=C(C)CCC=C(C)C)C)C)(C)C
delta-Tocopherol	CC1=CC(=CC2=C1OC(CC2)(C)CCCC(C)CCCC(C)CCCC(C)C)O
di-trans,poly-cis-Decaprenyl diphosphate	
di-trans,poly-cis-Heptaprenyl diphosphate	
di-trans,poly-cis-Hexaprenyl diphosphate	
di-trans,poly-cis-Nonaprenyl diphosphate	
di-trans,poly-cis-Octaprenyl diphosphate	
di-trans,poly-cis-Pentaprenyl diphosphate	
di-trans,poly-cis-Undecaprenyl diphosphate	
ent-Copalyl diphosphate	CC(=CCOP(=O)(O)OP(=O)(O)O)CCC1C(=C)CCC2C1(CCCC2(C)C)C
epsilon-Carotene	CC1=CCCC(C1C=CC(=CC=CC(=CC=CC=C(C)C=CC=C(C)C=CC2C(=CCCC2(C)C)C)C)C)(C)C
fatty acid backbone	
gamma-L-Glutamyl-L-cysteine	C(CC(=O)NC(CS)C(=O)O)C(C(=O)O)N
gamma-Tocopherol	CC1=C(C=C2CCC(OC2=C1C)(C)CCCC(C)CCCC(C)CCCC(C)C)O
gamma-carotene	CC1=C(C(CCC1)(C)C)C=CC(=CC=CC(=CC=CC=C(C)C=CC=C(C)C=CC=C(C)CCC=C(C)C)C)C
glycerone phosphate	C(C(=O)COP(=O)(O)O)O
holo-[acyl-carrier-protein]	
iminoaspartate	C(C(=N)C(=O)O)C(=O)O
meso-Diaminopimelate	C(CC(C(=O)[O-])[NH3+])CC(C(=O)[O-])[NH3+]
myo-Inositol	C1(C(C(C(C(C1O)O)O)O)O)O
myo-Inositol 4-phosphate	C1(C(C(C(C(C1O)O)OP(=O)(O)O)O)O)O
neoxanthin	CC(=CC=CC=C(C)C=CC=C(C)C=C=C1C(CC(CC1(C)O)O)(C)C)C=CC=C(C)C=CC23C(CC(CC2(O3)C)O)(C)C
p-Coumaroyl-CoA	CC(C)(COP(=O)(O)OP(=O)(O)OCC1C(C(C(O1)N2C=NC3=C(N=CN=C32)N)O)OP(=O)(O)O)C(C(=O)NCCC(=O)NCCSC(=O)C=CC4=CC=C(C=C4)O)O
p-Coumaroylagmatine	C1=CC(=CC=C1C=CC(=O)NCCCCN=C(N)N)O
photorespiration exchange constraint	
quinolinate	C1=CC(=C(N=C1)C(=O)O)C(=O)O
rubisco carboxylation/oxygenation constraint	
sn-Glycerol 3-phosphate	C(C(COP(=O)(O)O)O)O
tRNA containing 6-isopentenyladenosine	
tRNA(Ala)	
tRNA(Arg)	
tRNA(Asn)	
tRNA(Asp)	
tRNA(Cys)	
tRNA(Gln)	
tRNA(Glu)	
tRNA(Gly)	
tRNA(His)	
tRNA(Ile)	
tRNA(Leu)	
tRNA(Lys)	
tRNA(Met)	
tRNA(Phe)	
tRNA(Pro)	
tRNA(Ser)	
tRNA(Thr)	
tRNA(Trp)	
tRNA(Tyr)	
tRNA(Val)	
trans,trans,cis-Geranylgeranyl diphosphate	CC(=CCCC(=CCCC(=CCCC(=CCOP(=O)(O)OP(=O)(O)O)C)C)C)C
trans-2,3-Dehydroacyl-[acyl-carrier protein]	C=CC(=O)S
trans-4-Carboxymethylenebut-2-en-4-olide	C1=CC(=O)OC1=CC(=O)O
trans-Cinnamate	C1=CC=C(C=C1)C=CC(=O)[O-]
trans-Cinnamoyl beta-D-glucoside	C1=CC=C(C=C1)C=CC(=O)OC2C(C(C(C(O2)CO)O)O)O
trans-Zeatin riboside	CC(=CCNC1=C2C(=NC=N1)N(C=N2)C3C(C(C(O3)CO)O)O)CO
trans-Zeatin riboside monophosphate	CC(=CCNC1=C2C(=NC=N1)N(C=N2)C3C(C(C(O3)COP(=O)(O)O)O)O)CO
	
Phosphatidate	
trans-Zeatin riboside diphosphate	CC(=CCNC1=C2C(=NC=N1)N(C=N2)C3C(C(C(O3)COP(=O)(O)OP(=O)(O)O)O)O)CO
D-Serine	C(C(C(=O)O)N)O
O-Phospho-D-serine	C(C(C(=O)O)N)OP(=O)(O)O
NMNH	C1C=CN(C=C1C(=O)N)C2C(C(C(O2)COP(=O)(O)O)O)O
7,9,7',9'-tetracis-Lycopene	CC(=CCCC(=CC=CC(=CC=CC(=CC=CC=C(C)C=CC=C(C)C=CC=C(C)CCC=C(C)C)C)C)C)C
7,9,9'-tricis-Neurosporene	CC(=CCCC(=CCCC(=CC=CC(=CC=CC=C(C)C=CC=C(C)C=CC=C(C)CCC=C(C)C)C)C)C)C
Hydroquinone	C1=CC(=CC=C1O)O
L-Galactose	C(C(C(C(C(C=O)O)O)O)O)O
Oxalosuccinate	C(C(C(=O)C(=O)O)C(=O)O)C(=O)O
Quinone	C1=CC(=O)C=CC1=O
[PR010401] Phytol	
(S)-2-Methylbutanoyl-CoA	CCC(C)C(=O)SCCNC(=O)CCNC(=O)C(C(C)(C)COP(=O)(O)OP(=O)(O)OCC1C(C(C(O1)N2C=NC3=C(N=CN=C32)N)O)OP(=O)(O)O)O
2-Aminophenol	C1=CC=C(C(=C1)N)O
3-Hydroxyanthranilate	C1=CC(=C(C(=C1)O)N)C(=O)O
5-Aminopentanal	C(CCN)CC=O
Aminoacetone	CC(=O)CN
Cadaverine	C(CCN)CCN
Phenethylamine	C1=CC=C(C=C1)CCN
L-gamma-glutamyl	
(S)-Scoulerine	COC1=C(C2=C(CC3C4=CC(=C(C=C4CCN3C2)OC)O)C=C1)O
Isocorypalmine	COC1=C(C2=C(CC3C4=CC(=C(C=C4CCN3C2)OC)O)C=C1)OC
L-Glutamyl-tRNA(Gln)	
